,Time,Temp. [Â°C],Cycle Nr.,Well,OD,Row,Col,Color,Strain
196,0.0,30.0,1.0,A5,0.13050000369548798,A,5,#377eb8,mixed
197,0.23247222222222222,30.1,2.0,A5,0.13099999725818634,A,5,#377eb8,mixed
198,0.4649166666666667,30.2,3.0,A5,0.13169999420642853,A,5,#377eb8,mixed
199,0.6973611111111111,30.0,4.0,A5,0.13330000638961792,A,5,#377eb8,mixed
200,0.9908333333333333,30.0,1.0,A5,0.12770000100135803,A,5,#377eb8,mixed
201,1.223277777777778,30.2,2.0,A5,0.13040000200271606,A,5,#377eb8,mixed
202,1.455638888888889,30.1,3.0,A5,0.133200004696846,A,5,#377eb8,mixed
203,1.7777777777777777,30.1,1.0,A5,0.14139999449253082,A,5,#377eb8,mixed
204,2.010222222222222,30.0,2.0,A5,0.14669999480247498,A,5,#377eb8,mixed
205,2.2426944444444445,30.0,3.0,A5,0.15320000052452087,A,5,#377eb8,mixed
206,2.475138888888889,29.9,4.0,A5,0.16140000522136688,A,5,#377eb8,mixed
207,2.786388888888889,30.0,1.0,A5,0.1753000020980835,A,5,#377eb8,mixed
208,3.0188333333333333,30.0,2.0,A5,0.18389999866485596,A,5,#377eb8,mixed
209,3.252111111111111,29.9,3.0,A5,0.19779999554157257,A,5,#377eb8,mixed
210,3.4845555555555556,30.1,4.0,A5,0.21610000729560852,A,5,#377eb8,mixed
211,3.834722222222222,30.2,1.0,A5,0.301800012588501,A,5,#377eb8,mixed
212,4.067222222222222,30.2,2.0,A5,0.3262999951839447,A,5,#377eb8,mixed
213,4.3005555555555555,30.2,3.0,A5,0.3490000069141388,A,5,#377eb8,mixed
214,4.533055555555555,30.1,4.0,A5,0.4050000011920929,A,5,#377eb8,mixed
215,4.941388888888889,30.0,1.0,A5,0.4375,A,5,#377eb8,mixed
216,5.1738333333333335,30.0,2.0,A5,0.4700999855995178,A,5,#377eb8,mixed
217,5.407055555555556,30.1,3.0,A5,0.4661000072956085,A,5,#377eb8,mixed
218,5.639388888888889,30.2,4.0,A5,0.49970000982284546,A,5,#377eb8,mixed
219,5.999444444444444,30.2,1.0,A5,0.524399995803833,A,5,#377eb8,mixed
220,6.231888888888888,30.1,2.0,A5,0.5271000266075134,A,5,#377eb8,mixed
221,6.464222222222222,30.2,3.0,A5,0.5515000224113464,A,5,#377eb8,mixed
222,6.697472222222222,30.1,4.0,A5,0.5753999948501587,A,5,#377eb8,mixed
223,6.929805555555555,30.1,5.0,A5,0.6035000085830688,A,5,#377eb8,mixed
224,7.162166666666667,30.2,6.0,A5,0.6129999756813049,A,5,#377eb8,mixed
225,7.3945,30.3,7.0,A5,0.628000020980835,A,5,#377eb8,mixed
226,7.626861111111111,30.1,8.0,A5,0.6380000114440918,A,5,#377eb8,mixed
227,7.859222222222223,30.1,9.0,A5,0.6347000002861023,A,5,#377eb8,mixed
228,8.091583333333334,30.0,10.0,A5,0.6434000134468079,A,5,#377eb8,mixed
229,8.323916666666666,30.1,11.0,A5,0.6482999920845032,A,5,#377eb8,mixed
230,8.556277777777778,30.0,12.0,A5,0.6528000235557556,A,5,#377eb8,mixed
231,8.788638888888888,30.2,13.0,A5,0.651199996471405,A,5,#377eb8,mixed
232,9.020999999999999,30.0,14.0,A5,0.6485999822616577,A,5,#377eb8,mixed
233,9.253361111111111,30.0,15.0,A5,0.6452999711036682,A,5,#377eb8,mixed
234,9.485694444444444,30.0,16.0,A5,0.6449999809265137,A,5,#377eb8,mixed
235,9.718055555555555,30.0,17.0,A5,0.6431000232696533,A,5,#377eb8,mixed
236,9.950416666666667,30.1,18.0,A5,0.6425999999046326,A,5,#377eb8,mixed
237,10.182777777777778,30.0,19.0,A5,0.6417999863624573,A,5,#377eb8,mixed
238,10.415138888888889,29.9,20.0,A5,0.6413000226020813,A,5,#377eb8,mixed
239,10.647472222222223,29.9,21.0,A5,0.6406000256538391,A,5,#377eb8,mixed
240,10.879833333333334,30.2,22.0,A5,0.6416000127792358,A,5,#377eb8,mixed
241,11.112194444444444,30.2,23.0,A5,0.640999972820282,A,5,#377eb8,mixed
242,11.344555555555557,30.2,24.0,A5,0.6410999894142151,A,5,#377eb8,mixed
243,11.57688888888889,30.2,25.0,A5,0.6401000022888184,A,5,#377eb8,mixed
244,11.80925,30.2,26.0,A5,0.6412000060081482,A,5,#377eb8,mixed
245,0.0,30.0,1.0,A6,0.1265999972820282,A,6,#377eb8,mixed
246,0.23247222222222222,30.1,2.0,A6,0.1264999955892563,A,6,#377eb8,mixed
247,0.4649166666666667,30.2,3.0,A6,0.1266999989748001,A,6,#377eb8,mixed
248,0.6973611111111111,30.0,4.0,A6,0.1282999962568283,A,6,#377eb8,mixed
249,0.9908333333333333,30.0,1.0,A6,0.12839999794960022,A,6,#377eb8,mixed
250,1.223277777777778,30.2,2.0,A6,0.13109999895095825,A,6,#377eb8,mixed
251,1.455638888888889,30.1,3.0,A6,0.1356000006198883,A,6,#377eb8,mixed
252,1.7777777777777777,30.1,1.0,A6,0.14419999718666077,A,6,#377eb8,mixed
253,2.010222222222222,30.0,2.0,A6,0.15119999647140503,A,6,#377eb8,mixed
254,2.2426944444444445,30.0,3.0,A6,0.15950000286102295,A,6,#377eb8,mixed
255,2.475138888888889,29.9,4.0,A6,0.17059999704360962,A,6,#377eb8,mixed
256,2.786388888888889,30.0,1.0,A6,0.18629999458789825,A,6,#377eb8,mixed
257,3.0188333333333333,30.0,2.0,A6,0.2020999938249588,A,6,#377eb8,mixed
258,3.252111111111111,29.9,3.0,A6,0.21889999508857727,A,6,#377eb8,mixed
259,3.4845555555555556,30.1,4.0,A6,0.24169999361038208,A,6,#377eb8,mixed
260,3.834722222222222,30.2,1.0,A6,0.2838999927043915,A,6,#377eb8,mixed
261,4.067222222222222,30.2,2.0,A6,0.31029999256134033,A,6,#377eb8,mixed
262,4.3005555555555555,30.2,3.0,A6,0.34279999136924744,A,6,#377eb8,mixed
263,4.533055555555555,30.1,4.0,A6,0.3637999892234802,A,6,#377eb8,mixed
264,4.941388888888889,30.0,1.0,A6,0.4099999964237213,A,6,#377eb8,mixed
265,5.1738333333333335,30.0,2.0,A6,0.4372999966144562,A,6,#377eb8,mixed
266,5.407055555555556,30.1,3.0,A6,0.47189998626708984,A,6,#377eb8,mixed
267,5.639388888888889,30.2,4.0,A6,0.499099999666214,A,6,#377eb8,mixed
268,5.999444444444444,30.2,1.0,A6,0.5324000120162964,A,6,#377eb8,mixed
269,6.231888888888888,30.1,2.0,A6,0.5600000023841858,A,6,#377eb8,mixed
270,6.464222222222222,30.2,3.0,A6,0.5687999725341797,A,6,#377eb8,mixed
271,6.697472222222222,30.1,4.0,A6,0.5866000056266785,A,6,#377eb8,mixed
272,6.929805555555555,30.1,5.0,A6,0.5863999724388123,A,6,#377eb8,mixed
273,7.162166666666667,30.2,6.0,A6,0.5968999862670898,A,6,#377eb8,mixed
274,7.3945,30.3,7.0,A6,0.5972999930381775,A,6,#377eb8,mixed
275,7.626861111111111,30.1,8.0,A6,0.6189000010490417,A,6,#377eb8,mixed
276,7.859222222222223,30.1,9.0,A6,0.6140999794006348,A,6,#377eb8,mixed
277,8.091583333333334,30.0,10.0,A6,0.6304000020027161,A,6,#377eb8,mixed
278,8.323916666666666,30.1,11.0,A6,0.6330000162124634,A,6,#377eb8,mixed
279,8.556277777777778,30.0,12.0,A6,0.626800000667572,A,6,#377eb8,mixed
280,8.788638888888888,30.2,13.0,A6,0.6279000043869019,A,6,#377eb8,mixed
281,9.020999999999999,30.0,14.0,A6,0.6328999996185303,A,6,#377eb8,mixed
282,9.253361111111111,30.0,15.0,A6,0.6384000182151794,A,6,#377eb8,mixed
283,9.485694444444444,30.0,16.0,A6,0.6449000239372253,A,6,#377eb8,mixed
284,9.718055555555555,30.0,17.0,A6,0.6420999765396118,A,6,#377eb8,mixed
285,9.950416666666667,30.1,18.0,A6,0.6434000134468079,A,6,#377eb8,mixed
286,10.182777777777778,30.0,19.0,A6,0.6363999843597412,A,6,#377eb8,mixed
287,10.415138888888889,29.9,20.0,A6,0.6398000121116638,A,6,#377eb8,mixed
288,10.647472222222223,29.9,21.0,A6,0.6407999992370605,A,6,#377eb8,mixed
289,10.879833333333334,30.2,22.0,A6,0.6442999839782715,A,6,#377eb8,mixed
290,11.112194444444444,30.2,23.0,A6,0.6381000280380249,A,6,#377eb8,mixed
291,11.344555555555557,30.2,24.0,A6,0.6381999850273132,A,6,#377eb8,mixed
292,11.57688888888889,30.2,25.0,A6,0.6383000016212463,A,6,#377eb8,mixed
293,11.80925,30.2,26.0,A6,0.6388999819755554,A,6,#377eb8,mixed
294,0.0,30.0,1.0,A7,0.13600000739097595,A,7,#377eb8,mixed
295,0.23247222222222222,30.1,2.0,A7,0.13689999282360077,A,7,#377eb8,mixed
296,0.4649166666666667,30.2,3.0,A7,0.13570000231266022,A,7,#377eb8,mixed
297,0.6973611111111111,30.0,4.0,A7,0.13770000636577606,A,7,#377eb8,mixed
298,0.9908333333333333,30.0,1.0,A7,0.1273999959230423,A,7,#377eb8,mixed
299,1.223277777777778,30.2,2.0,A7,0.13030000030994415,A,7,#377eb8,mixed
300,1.455638888888889,30.1,3.0,A7,0.13500000536441803,A,7,#377eb8,mixed
301,1.7777777777777777,30.1,1.0,A7,0.13950000703334808,A,7,#377eb8,mixed
302,2.010222222222222,30.0,2.0,A7,0.14640000462532043,A,7,#377eb8,mixed
303,2.2426944444444445,30.0,3.0,A7,0.1565999984741211,A,7,#377eb8,mixed
304,2.475138888888889,29.9,4.0,A7,0.16859999299049377,A,7,#377eb8,mixed
305,2.786388888888889,30.0,1.0,A7,0.19269999861717224,A,7,#377eb8,mixed
306,3.0188333333333333,30.0,2.0,A7,0.21449999511241913,A,7,#377eb8,mixed
307,3.252111111111111,29.9,3.0,A7,0.2328999936580658,A,7,#377eb8,mixed
308,3.4845555555555556,30.1,4.0,A7,0.2621000111103058,A,7,#377eb8,mixed
309,3.834722222222222,30.2,1.0,A7,0.3034000098705292,A,7,#377eb8,mixed
310,4.067222222222222,30.2,2.0,A7,0.3337000012397766,A,7,#377eb8,mixed
311,4.3005555555555555,30.2,3.0,A7,0.3659000098705292,A,7,#377eb8,mixed
312,4.533055555555555,30.1,4.0,A7,0.3955000042915344,A,7,#377eb8,mixed
313,4.941388888888889,30.0,1.0,A7,0.43230000138282776,A,7,#377eb8,mixed
314,5.1738333333333335,30.0,2.0,A7,0.4553999900817871,A,7,#377eb8,mixed
315,5.407055555555556,30.1,3.0,A7,0.48190000653266907,A,7,#377eb8,mixed
316,5.639388888888889,30.2,4.0,A7,0.5033000111579895,A,7,#377eb8,mixed
317,5.999444444444444,30.2,1.0,A7,0.5285000205039978,A,7,#377eb8,mixed
318,6.231888888888888,30.1,2.0,A7,0.5493000149726868,A,7,#377eb8,mixed
319,6.464222222222222,30.2,3.0,A7,0.5659999847412109,A,7,#377eb8,mixed
320,6.697472222222222,30.1,4.0,A7,0.5848000049591064,A,7,#377eb8,mixed
321,6.929805555555555,30.1,5.0,A7,0.597100019454956,A,7,#377eb8,mixed
322,7.162166666666667,30.2,6.0,A7,0.6065999865531921,A,7,#377eb8,mixed
323,7.3945,30.3,7.0,A7,0.6082000136375427,A,7,#377eb8,mixed
324,7.626861111111111,30.1,8.0,A7,0.6229000091552734,A,7,#377eb8,mixed
325,7.859222222222223,30.1,9.0,A7,0.6283000111579895,A,7,#377eb8,mixed
326,8.091583333333334,30.0,10.0,A7,0.6342999935150146,A,7,#377eb8,mixed
327,8.323916666666666,30.1,11.0,A7,0.6395999789237976,A,7,#377eb8,mixed
328,8.556277777777778,30.0,12.0,A7,0.64410001039505,A,7,#377eb8,mixed
329,8.788638888888888,30.2,13.0,A7,0.6492000222206116,A,7,#377eb8,mixed
330,9.020999999999999,30.0,14.0,A7,0.6521999835968018,A,7,#377eb8,mixed
331,9.253361111111111,30.0,15.0,A7,0.6535999774932861,A,7,#377eb8,mixed
332,9.485694444444444,30.0,16.0,A7,0.6547999978065491,A,7,#377eb8,mixed
333,9.718055555555555,30.0,17.0,A7,0.6532999873161316,A,7,#377eb8,mixed
334,9.950416666666667,30.1,18.0,A7,0.6545000076293945,A,7,#377eb8,mixed
335,10.182777777777778,30.0,19.0,A7,0.6553000211715698,A,7,#377eb8,mixed
336,10.415138888888889,29.9,20.0,A7,0.6550999879837036,A,7,#377eb8,mixed
337,10.647472222222223,29.9,21.0,A7,0.6543999910354614,A,7,#377eb8,mixed
338,10.879833333333334,30.2,22.0,A7,0.65420001745224,A,7,#377eb8,mixed
339,11.112194444444444,30.2,23.0,A7,0.6538000106811523,A,7,#377eb8,mixed
340,11.344555555555557,30.2,24.0,A7,0.6552000045776367,A,7,#377eb8,mixed
341,11.57688888888889,30.2,25.0,A7,0.6543999910354614,A,7,#377eb8,mixed
342,11.80925,30.2,26.0,A7,0.654699981212616,A,7,#377eb8,mixed
343,0.0,30.0,1.0,A8,0.13079999387264252,A,8,#377eb8,mixed
344,0.23247222222222222,30.1,2.0,A8,0.13019999861717224,A,8,#377eb8,mixed
345,0.4649166666666667,30.2,3.0,A8,0.13050000369548798,A,8,#377eb8,mixed
346,0.6973611111111111,30.0,4.0,A8,0.13230000436306,A,8,#377eb8,mixed
347,0.9908333333333333,30.0,1.0,A8,0.12870000302791595,A,8,#377eb8,mixed
348,1.223277777777778,30.2,2.0,A8,0.1315000057220459,A,8,#377eb8,mixed
349,1.455638888888889,30.1,3.0,A8,0.1363999992609024,A,8,#377eb8,mixed
350,1.7777777777777777,30.1,1.0,A8,0.1436000019311905,A,8,#377eb8,mixed
351,2.010222222222222,30.0,2.0,A8,0.15049999952316284,A,8,#377eb8,mixed
352,2.2426944444444445,30.0,3.0,A8,0.16060000658035278,A,8,#377eb8,mixed
353,2.475138888888889,29.9,4.0,A8,0.17309999465942383,A,8,#377eb8,mixed
354,2.786388888888889,30.0,1.0,A8,0.19509999454021454,A,8,#377eb8,mixed
355,3.0188333333333333,30.0,2.0,A8,0.21660000085830688,A,8,#377eb8,mixed
356,3.252111111111111,29.9,3.0,A8,0.23399999737739563,A,8,#377eb8,mixed
357,3.4845555555555556,30.1,4.0,A8,0.2646999955177307,A,8,#377eb8,mixed
358,3.834722222222222,30.2,1.0,A8,0.301800012588501,A,8,#377eb8,mixed
359,4.067222222222222,30.2,2.0,A8,0.33550000190734863,A,8,#377eb8,mixed
360,4.3005555555555555,30.2,3.0,A8,0.36890000104904175,A,8,#377eb8,mixed
361,4.533055555555555,30.1,4.0,A8,0.3984000086784363,A,8,#377eb8,mixed
362,4.941388888888889,30.0,1.0,A8,0.43059998750686646,A,8,#377eb8,mixed
363,5.1738333333333335,30.0,2.0,A8,0.45329999923706055,A,8,#377eb8,mixed
364,5.407055555555556,30.1,3.0,A8,0.4697999954223633,A,8,#377eb8,mixed
365,5.639388888888889,30.2,4.0,A8,0.48899999260902405,A,8,#377eb8,mixed
366,5.999444444444444,30.2,1.0,A8,0.5220999717712402,A,8,#377eb8,mixed
367,6.231888888888888,30.1,2.0,A8,0.5371999740600586,A,8,#377eb8,mixed
368,6.464222222222222,30.2,3.0,A8,0.5609999895095825,A,8,#377eb8,mixed
369,6.697472222222222,30.1,4.0,A8,0.5764999985694885,A,8,#377eb8,mixed
370,6.929805555555555,30.1,5.0,A8,0.5927000045776367,A,8,#377eb8,mixed
371,7.162166666666667,30.2,6.0,A8,0.6067000031471252,A,8,#377eb8,mixed
372,7.3945,30.3,7.0,A8,0.6137999892234802,A,8,#377eb8,mixed
373,7.626861111111111,30.1,8.0,A8,0.6222000122070312,A,8,#377eb8,mixed
374,7.859222222222223,30.1,9.0,A8,0.6301000118255615,A,8,#377eb8,mixed
375,8.091583333333334,30.0,10.0,A8,0.6424999833106995,A,8,#377eb8,mixed
376,8.323916666666666,30.1,11.0,A8,0.6464999914169312,A,8,#377eb8,mixed
377,8.556277777777778,30.0,12.0,A8,0.6481999754905701,A,8,#377eb8,mixed
378,8.788638888888888,30.2,13.0,A8,0.65420001745224,A,8,#377eb8,mixed
379,9.020999999999999,30.0,14.0,A8,0.6581000089645386,A,8,#377eb8,mixed
380,9.253361111111111,30.0,15.0,A8,0.6592000126838684,A,8,#377eb8,mixed
381,9.485694444444444,30.0,16.0,A8,0.6617000102996826,A,8,#377eb8,mixed
382,9.718055555555555,30.0,17.0,A8,0.6621000170707703,A,8,#377eb8,mixed
383,9.950416666666667,30.1,18.0,A8,0.6675000190734863,A,8,#377eb8,mixed
384,10.182777777777778,30.0,19.0,A8,0.6661999821662903,A,8,#377eb8,mixed
385,10.415138888888889,29.9,20.0,A8,0.6665999889373779,A,8,#377eb8,mixed
386,10.647472222222223,29.9,21.0,A8,0.666700005531311,A,8,#377eb8,mixed
387,10.879833333333334,30.2,22.0,A8,0.6672999858856201,A,8,#377eb8,mixed
388,11.112194444444444,30.2,23.0,A8,0.6669999957084656,A,8,#377eb8,mixed
389,11.344555555555557,30.2,24.0,A8,0.6682999730110168,A,8,#377eb8,mixed
390,11.57688888888889,30.2,25.0,A8,0.6668999791145325,A,8,#377eb8,mixed
391,11.80925,30.2,26.0,A8,0.6693999767303467,A,8,#377eb8,mixed
784,0.0,30.0,1.0,B5,0.12939999997615814,B,5,#377eb8,mixed
785,0.23247222222222222,30.1,2.0,B5,0.12770000100135803,B,5,#377eb8,mixed
786,0.4649166666666667,30.2,3.0,B5,0.12800000607967377,B,5,#377eb8,mixed
787,0.6973611111111111,30.0,4.0,B5,0.12970000505447388,B,5,#377eb8,mixed
788,0.9908333333333333,30.0,1.0,B5,0.12639999389648438,B,5,#377eb8,mixed
789,1.223277777777778,30.2,2.0,B5,0.12790000438690186,B,5,#377eb8,mixed
790,1.455638888888889,30.1,3.0,B5,0.13169999420642853,B,5,#377eb8,mixed
791,1.7777777777777777,30.1,1.0,B5,0.14069999754428864,B,5,#377eb8,mixed
792,2.010222222222222,30.0,2.0,B5,0.14710000157356262,B,5,#377eb8,mixed
793,2.2426944444444445,30.0,3.0,B5,0.15389999747276306,B,5,#377eb8,mixed
794,2.475138888888889,29.9,4.0,B5,0.16349999606609344,B,5,#377eb8,mixed
795,2.786388888888889,30.0,1.0,B5,0.18019999563694,B,5,#377eb8,mixed
796,3.0188333333333333,30.0,2.0,B5,0.1940000057220459,B,5,#377eb8,mixed
797,3.252111111111111,29.9,3.0,B5,0.21050000190734863,B,5,#377eb8,mixed
798,3.4845555555555556,30.1,4.0,B5,0.23019999265670776,B,5,#377eb8,mixed
799,3.834722222222222,30.2,1.0,B5,0.2651999890804291,B,5,#377eb8,mixed
800,4.067222222222222,30.2,2.0,B5,0.29429998993873596,B,5,#377eb8,mixed
801,4.3005555555555555,30.2,3.0,B5,0.32269999384880066,B,5,#377eb8,mixed
802,4.533055555555555,30.1,4.0,B5,0.35019999742507935,B,5,#377eb8,mixed
803,4.941388888888889,30.0,1.0,B5,0.38119998574256897,B,5,#377eb8,mixed
804,5.1738333333333335,30.0,2.0,B5,0.4025999903678894,B,5,#377eb8,mixed
805,5.407055555555556,30.1,3.0,B5,0.42559999227523804,B,5,#377eb8,mixed
806,5.639388888888889,30.2,4.0,B5,0.4456000030040741,B,5,#377eb8,mixed
807,5.999444444444444,30.2,1.0,B5,0.4781999886035919,B,5,#377eb8,mixed
808,6.231888888888888,30.1,2.0,B5,0.49939998984336853,B,5,#377eb8,mixed
809,6.464222222222222,30.2,3.0,B5,0.5163000226020813,B,5,#377eb8,mixed
810,6.697472222222222,30.1,4.0,B5,0.5281999707221985,B,5,#377eb8,mixed
811,6.929805555555555,30.1,5.0,B5,0.5370000004768372,B,5,#377eb8,mixed
812,7.162166666666667,30.2,6.0,B5,0.5472999811172485,B,5,#377eb8,mixed
813,7.3945,30.3,7.0,B5,0.5541999936103821,B,5,#377eb8,mixed
814,7.626861111111111,30.1,8.0,B5,0.5655999779701233,B,5,#377eb8,mixed
815,7.859222222222223,30.1,9.0,B5,0.572700023651123,B,5,#377eb8,mixed
816,8.091583333333334,30.0,10.0,B5,0.5831999778747559,B,5,#377eb8,mixed
817,8.323916666666666,30.1,11.0,B5,0.5936999917030334,B,5,#377eb8,mixed
818,8.556277777777778,30.0,12.0,B5,0.6000999808311462,B,5,#377eb8,mixed
819,8.788638888888888,30.2,13.0,B5,0.6080999970436096,B,5,#377eb8,mixed
820,9.020999999999999,30.0,14.0,B5,0.6122999787330627,B,5,#377eb8,mixed
821,9.253361111111111,30.0,15.0,B5,0.6179999709129333,B,5,#377eb8,mixed
822,9.485694444444444,30.0,16.0,B5,0.6183000206947327,B,5,#377eb8,mixed
823,9.718055555555555,30.0,17.0,B5,0.6111999750137329,B,5,#377eb8,mixed
824,9.950416666666667,30.1,18.0,B5,0.6187999844551086,B,5,#377eb8,mixed
825,10.182777777777778,30.0,19.0,B5,0.6147000193595886,B,5,#377eb8,mixed
826,10.415138888888889,29.9,20.0,B5,0.6152999997138977,B,5,#377eb8,mixed
827,10.647472222222223,29.9,21.0,B5,0.6175000071525574,B,5,#377eb8,mixed
828,10.879833333333334,30.2,22.0,B5,0.6168000102043152,B,5,#377eb8,mixed
829,11.112194444444444,30.2,23.0,B5,0.6115000247955322,B,5,#377eb8,mixed
830,11.344555555555557,30.2,24.0,B5,0.6179999709129333,B,5,#377eb8,mixed
831,11.57688888888889,30.2,25.0,B5,0.6137999892234802,B,5,#377eb8,mixed
832,11.80925,30.2,26.0,B5,0.6207000017166138,B,5,#377eb8,mixed
833,0.0,30.0,1.0,B6,0.12790000438690186,B,6,#377eb8,mixed
834,0.23247222222222222,30.1,2.0,B6,0.12800000607967377,B,6,#377eb8,mixed
835,0.4649166666666667,30.2,3.0,B6,0.12929999828338623,B,6,#377eb8,mixed
836,0.6973611111111111,30.0,4.0,B6,0.1307000070810318,B,6,#377eb8,mixed
837,0.9908333333333333,30.0,1.0,B6,0.1316000074148178,B,6,#377eb8,mixed
838,1.223277777777778,30.2,2.0,B6,0.13379999995231628,B,6,#377eb8,mixed
839,1.455638888888889,30.1,3.0,B6,0.13729999959468842,B,6,#377eb8,mixed
840,1.7777777777777777,30.1,1.0,B6,0.15970000624656677,B,6,#377eb8,mixed
841,2.010222222222222,30.0,2.0,B6,0.16699999570846558,B,6,#377eb8,mixed
842,2.2426944444444445,30.0,3.0,B6,0.17299999296665192,B,6,#377eb8,mixed
843,2.475138888888889,29.9,4.0,B6,0.18160000443458557,B,6,#377eb8,mixed
844,2.786388888888889,30.0,1.0,B6,0.1890999972820282,B,6,#377eb8,mixed
845,3.0188333333333333,30.0,2.0,B6,0.2012999951839447,B,6,#377eb8,mixed
846,3.252111111111111,29.9,3.0,B6,0.21739999949932098,B,6,#377eb8,mixed
847,3.4845555555555556,30.1,4.0,B6,0.23890000581741333,B,6,#377eb8,mixed
848,3.834722222222222,30.2,1.0,B6,0.27309998869895935,B,6,#377eb8,mixed
849,4.067222222222222,30.2,2.0,B6,0.2838999927043915,B,6,#377eb8,mixed
850,4.3005555555555555,30.2,3.0,B6,0.3172999918460846,B,6,#377eb8,mixed
851,4.533055555555555,30.1,4.0,B6,0.33709999918937683,B,6,#377eb8,mixed
852,4.941388888888889,30.0,1.0,B6,0.39100000262260437,B,6,#377eb8,mixed
853,5.1738333333333335,30.0,2.0,B6,0.4185999929904938,B,6,#377eb8,mixed
854,5.407055555555556,30.1,3.0,B6,0.4429999887943268,B,6,#377eb8,mixed
855,5.639388888888889,30.2,4.0,B6,0.4708999991416931,B,6,#377eb8,mixed
856,5.999444444444444,30.2,1.0,B6,0.4991999864578247,B,6,#377eb8,mixed
857,6.231888888888888,30.1,2.0,B6,0.5178999900817871,B,6,#377eb8,mixed
858,6.464222222222222,30.2,3.0,B6,0.5346999764442444,B,6,#377eb8,mixed
859,6.697472222222222,30.1,4.0,B6,0.5468000173568726,B,6,#377eb8,mixed
860,6.929805555555555,30.1,5.0,B6,0.5586000084877014,B,6,#377eb8,mixed
861,7.162166666666667,30.2,6.0,B6,0.5666000247001648,B,6,#377eb8,mixed
862,7.3945,30.3,7.0,B6,0.5740000009536743,B,6,#377eb8,mixed
863,7.626861111111111,30.1,8.0,B6,0.580299973487854,B,6,#377eb8,mixed
864,7.859222222222223,30.1,9.0,B6,0.5863999724388123,B,6,#377eb8,mixed
865,8.091583333333334,30.0,10.0,B6,0.5942000150680542,B,6,#377eb8,mixed
866,8.323916666666666,30.1,11.0,B6,0.5979999899864197,B,6,#377eb8,mixed
867,8.556277777777778,30.0,12.0,B6,0.6026999950408936,B,6,#377eb8,mixed
868,8.788638888888888,30.2,13.0,B6,0.6068000197410583,B,6,#377eb8,mixed
869,9.020999999999999,30.0,14.0,B6,0.6097999811172485,B,6,#377eb8,mixed
870,9.253361111111111,30.0,15.0,B6,0.6122000217437744,B,6,#377eb8,mixed
871,9.485694444444444,30.0,16.0,B6,0.6144000291824341,B,6,#377eb8,mixed
872,9.718055555555555,30.0,17.0,B6,0.6157000064849854,B,6,#377eb8,mixed
873,9.950416666666667,30.1,18.0,B6,0.6172000169754028,B,6,#377eb8,mixed
874,10.182777777777778,30.0,19.0,B6,0.618399977684021,B,6,#377eb8,mixed
875,10.415138888888889,29.9,20.0,B6,0.6190999746322632,B,6,#377eb8,mixed
876,10.647472222222223,29.9,21.0,B6,0.6190000176429749,B,6,#377eb8,mixed
877,10.879833333333334,30.2,22.0,B6,0.6190999746322632,B,6,#377eb8,mixed
878,11.112194444444444,30.2,23.0,B6,0.620199978351593,B,6,#377eb8,mixed
879,11.344555555555557,30.2,24.0,B6,0.6212000250816345,B,6,#377eb8,mixed
880,11.57688888888889,30.2,25.0,B6,0.6205000281333923,B,6,#377eb8,mixed
881,11.80925,30.2,26.0,B6,0.6215999722480774,B,6,#377eb8,mixed
882,0.0,30.0,1.0,B7,0.13189999759197235,B,7,#377eb8,mixed
883,0.23247222222222222,30.1,2.0,B7,0.131400004029274,B,7,#377eb8,mixed
884,0.4649166666666667,30.2,3.0,B7,0.13210000097751617,B,7,#377eb8,mixed
885,0.6973611111111111,30.0,4.0,B7,0.13429999351501465,B,7,#377eb8,mixed
886,0.9908333333333333,30.0,1.0,B7,0.1316000074148178,B,7,#377eb8,mixed
887,1.223277777777778,30.2,2.0,B7,0.13379999995231628,B,7,#377eb8,mixed
888,1.455638888888889,30.1,3.0,B7,0.13770000636577606,B,7,#377eb8,mixed
889,1.7777777777777777,30.1,1.0,B7,0.14159999787807465,B,7,#377eb8,mixed
890,2.010222222222222,30.0,2.0,B7,0.14900000393390656,B,7,#377eb8,mixed
891,2.2426944444444445,30.0,3.0,B7,0.1573999971151352,B,7,#377eb8,mixed
892,2.475138888888889,29.9,4.0,B7,0.16830000281333923,B,7,#377eb8,mixed
893,2.786388888888889,30.0,1.0,B7,0.18070000410079956,B,7,#377eb8,mixed
894,3.0188333333333333,30.0,2.0,B7,0.1956000030040741,B,7,#377eb8,mixed
895,3.252111111111111,29.9,3.0,B7,0.21369999647140503,B,7,#377eb8,mixed
896,3.4845555555555556,30.1,4.0,B7,0.23409999907016754,B,7,#377eb8,mixed
897,3.834722222222222,30.2,1.0,B7,0.3095000088214874,B,7,#377eb8,mixed
898,4.067222222222222,30.2,2.0,B7,0.3416999876499176,B,7,#377eb8,mixed
899,4.3005555555555555,30.2,3.0,B7,0.375900000333786,B,7,#377eb8,mixed
900,4.533055555555555,30.1,4.0,B7,0.4122999906539917,B,7,#377eb8,mixed
901,4.941388888888889,30.0,1.0,B7,0.4171000123023987,B,7,#377eb8,mixed
902,5.1738333333333335,30.0,2.0,B7,0.4424000084400177,B,7,#377eb8,mixed
903,5.407055555555556,30.1,3.0,B7,0.4629000127315521,B,7,#377eb8,mixed
904,5.639388888888889,30.2,4.0,B7,0.4846000075340271,B,7,#377eb8,mixed
905,5.999444444444444,30.2,1.0,B7,0.5156000256538391,B,7,#377eb8,mixed
906,6.231888888888888,30.1,2.0,B7,0.5386999845504761,B,7,#377eb8,mixed
907,6.464222222222222,30.2,3.0,B7,0.5561000108718872,B,7,#377eb8,mixed
908,6.697472222222222,30.1,4.0,B7,0.5717999935150146,B,7,#377eb8,mixed
909,6.929805555555555,30.1,5.0,B7,0.5831000208854675,B,7,#377eb8,mixed
910,7.162166666666667,30.2,6.0,B7,0.5914999842643738,B,7,#377eb8,mixed
911,7.3945,30.3,7.0,B7,0.5950999855995178,B,7,#377eb8,mixed
912,7.626861111111111,30.1,8.0,B7,0.6083999872207642,B,7,#377eb8,mixed
913,7.859222222222223,30.1,9.0,B7,0.6144000291824341,B,7,#377eb8,mixed
914,8.091583333333334,30.0,10.0,B7,0.6215999722480774,B,7,#377eb8,mixed
915,8.323916666666666,30.1,11.0,B7,0.6294999718666077,B,7,#377eb8,mixed
916,8.556277777777778,30.0,12.0,B7,0.6341000199317932,B,7,#377eb8,mixed
917,8.788638888888888,30.2,13.0,B7,0.6395999789237976,B,7,#377eb8,mixed
918,9.020999999999999,30.0,14.0,B7,0.6424000263214111,B,7,#377eb8,mixed
919,9.253361111111111,30.0,15.0,B7,0.6446999907493591,B,7,#377eb8,mixed
920,9.485694444444444,30.0,16.0,B7,0.6453999876976013,B,7,#377eb8,mixed
921,9.718055555555555,30.0,17.0,B7,0.6485999822616577,B,7,#377eb8,mixed
922,9.950416666666667,30.1,18.0,B7,0.6486999988555908,B,7,#377eb8,mixed
923,10.182777777777778,30.0,19.0,B7,0.6498000025749207,B,7,#377eb8,mixed
924,10.415138888888889,29.9,20.0,B7,0.6496000289916992,B,7,#377eb8,mixed
925,10.647472222222223,29.9,21.0,B7,0.6503999829292297,B,7,#377eb8,mixed
926,10.879833333333334,30.2,22.0,B7,0.6503000259399414,B,7,#377eb8,mixed
927,11.112194444444444,30.2,23.0,B7,0.6507999897003174,B,7,#377eb8,mixed
928,11.344555555555557,30.2,24.0,B7,0.6509000062942505,B,7,#377eb8,mixed
929,11.57688888888889,30.2,25.0,B7,0.6495000123977661,B,7,#377eb8,mixed
930,11.80925,30.2,26.0,B7,0.6514000296592712,B,7,#377eb8,mixed
931,0.0,30.0,1.0,B8,0.1256999969482422,B,8,#377eb8,mixed
932,0.23247222222222222,30.1,2.0,B8,0.12630000710487366,B,8,#377eb8,mixed
933,0.4649166666666667,30.2,3.0,B8,0.1281999945640564,B,8,#377eb8,mixed
934,0.6973611111111111,30.0,4.0,B8,0.1289999932050705,B,8,#377eb8,mixed
935,0.9908333333333333,30.0,1.0,B8,0.12309999763965607,B,8,#377eb8,mixed
936,1.223277777777778,30.2,2.0,B8,0.12680000066757202,B,8,#377eb8,mixed
937,1.455638888888889,30.1,3.0,B8,0.13109999895095825,B,8,#377eb8,mixed
938,1.7777777777777777,30.1,1.0,B8,0.1378999948501587,B,8,#377eb8,mixed
939,2.010222222222222,30.0,2.0,B8,0.1462000012397766,B,8,#377eb8,mixed
940,2.2426944444444445,30.0,3.0,B8,0.15780000388622284,B,8,#377eb8,mixed
941,2.475138888888889,29.9,4.0,B8,0.16990000009536743,B,8,#377eb8,mixed
942,2.786388888888889,30.0,1.0,B8,0.21580000221729279,B,8,#377eb8,mixed
943,3.0188333333333333,30.0,2.0,B8,0.23119999468326569,B,8,#377eb8,mixed
944,3.252111111111111,29.9,3.0,B8,0.251800000667572,B,8,#377eb8,mixed
945,3.4845555555555556,30.1,4.0,B8,0.27549999952316284,B,8,#377eb8,mixed
946,3.834722222222222,30.2,1.0,B8,0.2824000120162964,B,8,#377eb8,mixed
947,4.067222222222222,30.2,2.0,B8,0.3156999945640564,B,8,#377eb8,mixed
948,4.3005555555555555,30.2,3.0,B8,0.3458000123500824,B,8,#377eb8,mixed
949,4.533055555555555,30.1,4.0,B8,0.3725000023841858,B,8,#377eb8,mixed
950,4.941388888888889,30.0,1.0,B8,0.4034000039100647,B,8,#377eb8,mixed
951,5.1738333333333335,30.0,2.0,B8,0.4262999892234802,B,8,#377eb8,mixed
952,5.407055555555556,30.1,3.0,B8,0.4422000050544739,B,8,#377eb8,mixed
953,5.639388888888889,30.2,4.0,B8,0.45489999651908875,B,8,#377eb8,mixed
954,5.999444444444444,30.2,1.0,B8,0.4738999903202057,B,8,#377eb8,mixed
955,6.231888888888888,30.1,2.0,B8,0.48730000853538513,B,8,#377eb8,mixed
956,6.464222222222222,30.2,3.0,B8,0.5067999958992004,B,8,#377eb8,mixed
957,6.697472222222222,30.1,4.0,B8,0.5295000076293945,B,8,#377eb8,mixed
958,6.929805555555555,30.1,5.0,B8,0.5436999797821045,B,8,#377eb8,mixed
959,7.162166666666667,30.2,6.0,B8,0.5601999759674072,B,8,#377eb8,mixed
960,7.3945,30.3,7.0,B8,0.5684999823570251,B,8,#377eb8,mixed
961,7.626861111111111,30.1,8.0,B8,0.5774000287055969,B,8,#377eb8,mixed
962,7.859222222222223,30.1,9.0,B8,0.5809999704360962,B,8,#377eb8,mixed
963,8.091583333333334,30.0,10.0,B8,0.5956000089645386,B,8,#377eb8,mixed
964,8.323916666666666,30.1,11.0,B8,0.6013000011444092,B,8,#377eb8,mixed
965,8.556277777777778,30.0,12.0,B8,0.6085000038146973,B,8,#377eb8,mixed
966,8.788638888888888,30.2,13.0,B8,0.6122000217437744,B,8,#377eb8,mixed
967,9.020999999999999,30.0,14.0,B8,0.6205000281333923,B,8,#377eb8,mixed
968,9.253361111111111,30.0,15.0,B8,0.6226000189781189,B,8,#377eb8,mixed
969,9.485694444444444,30.0,16.0,B8,0.6245999932289124,B,8,#377eb8,mixed
970,9.718055555555555,30.0,17.0,B8,0.6272000074386597,B,8,#377eb8,mixed
971,9.950416666666667,30.1,18.0,B8,0.6281999945640564,B,8,#377eb8,mixed
972,10.182777777777778,30.0,19.0,B8,0.6308000087738037,B,8,#377eb8,mixed
973,10.415138888888889,29.9,20.0,B8,0.6324999928474426,B,8,#377eb8,mixed
974,10.647472222222223,29.9,21.0,B8,0.6335999965667725,B,8,#377eb8,mixed
975,10.879833333333334,30.2,22.0,B8,0.6347000002861023,B,8,#377eb8,mixed
976,11.112194444444444,30.2,23.0,B8,0.635200023651123,B,8,#377eb8,mixed
977,11.344555555555557,30.2,24.0,B8,0.6373000144958496,B,8,#377eb8,mixed
978,11.57688888888889,30.2,25.0,B8,0.6335999965667725,B,8,#377eb8,mixed
979,11.80925,30.2,26.0,B8,0.6371999979019165,B,8,#377eb8,mixed
1372,0.0,30.0,1.0,C5,0.1298000067472458,C,5,#377eb8,mixed
1373,0.23247222222222222,30.1,2.0,C5,0.12870000302791595,C,5,#377eb8,mixed
1374,0.4649166666666667,30.2,3.0,C5,0.12890000641345978,C,5,#377eb8,mixed
1375,0.6973611111111111,30.0,4.0,C5,0.13050000369548798,C,5,#377eb8,mixed
1376,0.9908333333333333,30.0,1.0,C5,0.12950000166893005,C,5,#377eb8,mixed
1377,1.223277777777778,30.2,2.0,C5,0.13199999928474426,C,5,#377eb8,mixed
1378,1.455638888888889,30.1,3.0,C5,0.13670000433921814,C,5,#377eb8,mixed
1379,1.7777777777777777,30.1,1.0,C5,0.13779999315738678,C,5,#377eb8,mixed
1380,2.010222222222222,30.0,2.0,C5,0.14270000159740448,C,5,#377eb8,mixed
1381,2.2426944444444445,30.0,3.0,C5,0.14959999918937683,C,5,#377eb8,mixed
1382,2.475138888888889,29.9,4.0,C5,0.15929999947547913,C,5,#377eb8,mixed
1383,2.786388888888889,30.0,1.0,C5,0.1800999939441681,C,5,#377eb8,mixed
1384,3.0188333333333333,30.0,2.0,C5,0.19449999928474426,C,5,#377eb8,mixed
1385,3.252111111111111,29.9,3.0,C5,0.2117999941110611,C,5,#377eb8,mixed
1386,3.4845555555555556,30.1,4.0,C5,0.23029999434947968,C,5,#377eb8,mixed
1387,3.834722222222222,30.2,1.0,C5,0.2614000141620636,C,5,#377eb8,mixed
1388,4.067222222222222,30.2,2.0,C5,0.28690001368522644,C,5,#377eb8,mixed
1389,4.3005555555555555,30.2,3.0,C5,0.3190000057220459,C,5,#377eb8,mixed
1390,4.533055555555555,30.1,4.0,C5,0.3449999988079071,C,5,#377eb8,mixed
1391,4.941388888888889,30.0,1.0,C5,0.3598000109195709,C,5,#377eb8,mixed
1392,5.1738333333333335,30.0,2.0,C5,0.3824000060558319,C,5,#377eb8,mixed
1393,5.407055555555556,30.1,3.0,C5,0.4027000069618225,C,5,#377eb8,mixed
1394,5.639388888888889,30.2,4.0,C5,0.42660000920295715,C,5,#377eb8,mixed
1395,5.999444444444444,30.2,1.0,C5,0.46810001134872437,C,5,#377eb8,mixed
1396,6.231888888888888,30.1,2.0,C5,0.4803999960422516,C,5,#377eb8,mixed
1397,6.464222222222222,30.2,3.0,C5,0.49380001425743103,C,5,#377eb8,mixed
1398,6.697472222222222,30.1,4.0,C5,0.5115000009536743,C,5,#377eb8,mixed
1399,6.929805555555555,30.1,5.0,C5,0.525600016117096,C,5,#377eb8,mixed
1400,7.162166666666667,30.2,6.0,C5,0.5411999821662903,C,5,#377eb8,mixed
1401,7.3945,30.3,7.0,C5,0.5555999875068665,C,5,#377eb8,mixed
1402,7.626861111111111,30.1,8.0,C5,0.5648999810218811,C,5,#377eb8,mixed
1403,7.859222222222223,30.1,9.0,C5,0.5716000199317932,C,5,#377eb8,mixed
1404,8.091583333333334,30.0,10.0,C5,0.578499972820282,C,5,#377eb8,mixed
1405,8.323916666666666,30.1,11.0,C5,0.582099974155426,C,5,#377eb8,mixed
1406,8.556277777777778,30.0,12.0,C5,0.5853000283241272,C,5,#377eb8,mixed
1407,8.788638888888888,30.2,13.0,C5,0.5893999934196472,C,5,#377eb8,mixed
1408,9.020999999999999,30.0,14.0,C5,0.59170001745224,C,5,#377eb8,mixed
1409,9.253361111111111,30.0,15.0,C5,0.5932999849319458,C,5,#377eb8,mixed
1410,9.485694444444444,30.0,16.0,C5,0.5936999917030334,C,5,#377eb8,mixed
1411,9.718055555555555,30.0,17.0,C5,0.5942999720573425,C,5,#377eb8,mixed
1412,9.950416666666667,30.1,18.0,C5,0.5946999788284302,C,5,#377eb8,mixed
1413,10.182777777777778,30.0,19.0,C5,0.59579998254776,C,5,#377eb8,mixed
1414,10.415138888888889,29.9,20.0,C5,0.5960000157356262,C,5,#377eb8,mixed
1415,10.647472222222223,29.9,21.0,C5,0.5947999954223633,C,5,#377eb8,mixed
1416,10.879833333333334,30.2,22.0,C5,0.5952000021934509,C,5,#377eb8,mixed
1417,11.112194444444444,30.2,23.0,C5,0.5968999862670898,C,5,#377eb8,mixed
1418,11.344555555555557,30.2,24.0,C5,0.5952000021934509,C,5,#377eb8,mixed
1419,11.57688888888889,30.2,25.0,C5,0.5960999727249146,C,5,#377eb8,mixed
1420,11.80925,30.2,26.0,C5,0.5942000150680542,C,5,#377eb8,mixed
1421,0.0,30.0,1.0,C6,0.12849999964237213,C,6,#377eb8,mixed
1422,0.23247222222222222,30.1,2.0,C6,0.12890000641345978,C,6,#377eb8,mixed
1423,0.4649166666666667,30.2,3.0,C6,0.13009999692440033,C,6,#377eb8,mixed
1424,0.6973611111111111,30.0,4.0,C6,0.13259999454021454,C,6,#377eb8,mixed
1425,0.9908333333333333,30.0,1.0,C6,0.12470000237226486,C,6,#377eb8,mixed
1426,1.223277777777778,30.2,2.0,C6,0.1273999959230423,C,6,#377eb8,mixed
1427,1.455638888888889,30.1,3.0,C6,0.13120000064373016,C,6,#377eb8,mixed
1428,1.7777777777777777,30.1,1.0,C6,0.13809999823570251,C,6,#377eb8,mixed
1429,2.010222222222222,30.0,2.0,C6,0.14489999413490295,C,6,#377eb8,mixed
1430,2.2426944444444445,30.0,3.0,C6,0.15410000085830688,C,6,#377eb8,mixed
1431,2.475138888888889,29.9,4.0,C6,0.16429999470710754,C,6,#377eb8,mixed
1432,2.786388888888889,30.0,1.0,C6,0.18709999322891235,C,6,#377eb8,mixed
1433,3.0188333333333333,30.0,2.0,C6,0.2020999938249588,C,6,#377eb8,mixed
1434,3.252111111111111,29.9,3.0,C6,0.2240000069141388,C,6,#377eb8,mixed
1435,3.4845555555555556,30.1,4.0,C6,0.2468000054359436,C,6,#377eb8,mixed
1436,3.834722222222222,30.2,1.0,C6,0.2816999852657318,C,6,#377eb8,mixed
1437,4.067222222222222,30.2,2.0,C6,0.31040000915527344,C,6,#377eb8,mixed
1438,4.3005555555555555,30.2,3.0,C6,0.34709998965263367,C,6,#377eb8,mixed
1439,4.533055555555555,30.1,4.0,C6,0.3774999976158142,C,6,#377eb8,mixed
1440,4.941388888888889,30.0,1.0,C6,0.414900004863739,C,6,#377eb8,mixed
1441,5.1738333333333335,30.0,2.0,C6,0.436599999666214,C,6,#377eb8,mixed
1442,5.407055555555556,30.1,3.0,C6,0.4611000120639801,C,6,#377eb8,mixed
1443,5.639388888888889,30.2,4.0,C6,0.47920000553131104,C,6,#377eb8,mixed
1444,5.999444444444444,30.2,1.0,C6,0.4860000014305115,C,6,#377eb8,mixed
1445,6.231888888888888,30.1,2.0,C6,0.49939998984336853,C,6,#377eb8,mixed
1446,6.464222222222222,30.2,3.0,C6,0.5238000154495239,C,6,#377eb8,mixed
1447,6.697472222222222,30.1,4.0,C6,0.5372999906539917,C,6,#377eb8,mixed
1448,6.929805555555555,30.1,5.0,C6,0.5515999794006348,C,6,#377eb8,mixed
1449,7.162166666666667,30.2,6.0,C6,0.5619999766349792,C,6,#377eb8,mixed
1450,7.3945,30.3,7.0,C6,0.5684000253677368,C,6,#377eb8,mixed
1451,7.626861111111111,30.1,8.0,C6,0.5773000121116638,C,6,#377eb8,mixed
1452,7.859222222222223,30.1,9.0,C6,0.5859000086784363,C,6,#377eb8,mixed
1453,8.091583333333334,30.0,10.0,C6,0.5902000069618225,C,6,#377eb8,mixed
1454,8.323916666666666,30.1,11.0,C6,0.6021000146865845,C,6,#377eb8,mixed
1455,8.556277777777778,30.0,12.0,C6,0.6119999885559082,C,6,#377eb8,mixed
1456,8.788638888888888,30.2,13.0,C6,0.6187000274658203,C,6,#377eb8,mixed
1457,9.020999999999999,30.0,14.0,C6,0.6223000288009644,C,6,#377eb8,mixed
1458,9.253361111111111,30.0,15.0,C6,0.6258000135421753,C,6,#377eb8,mixed
1459,9.485694444444444,30.0,16.0,C6,0.6281999945640564,C,6,#377eb8,mixed
1460,9.718055555555555,30.0,17.0,C6,0.6292999982833862,C,6,#377eb8,mixed
1461,9.950416666666667,30.1,18.0,C6,0.6310999989509583,C,6,#377eb8,mixed
1462,10.182777777777778,30.0,19.0,C6,0.6344000101089478,C,6,#377eb8,mixed
1463,10.415138888888889,29.9,20.0,C6,0.6366000175476074,C,6,#377eb8,mixed
1464,10.647472222222223,29.9,21.0,C6,0.6367999911308289,C,6,#377eb8,mixed
1465,10.879833333333334,30.2,22.0,C6,0.6384000182151794,C,6,#377eb8,mixed
1466,11.112194444444444,30.2,23.0,C6,0.6394000053405762,C,6,#377eb8,mixed
1467,11.344555555555557,30.2,24.0,C6,0.6384000182151794,C,6,#377eb8,mixed
1468,11.57688888888889,30.2,25.0,C6,0.6395000219345093,C,6,#377eb8,mixed
1469,11.80925,30.2,26.0,C6,0.6394000053405762,C,6,#377eb8,mixed
1470,0.0,30.0,1.0,C7,0.13019999861717224,C,7,#377eb8,mixed
1471,0.23247222222222222,30.1,2.0,C7,0.12999999523162842,C,7,#377eb8,mixed
1472,0.4649166666666667,30.2,3.0,C7,0.1307000070810318,C,7,#377eb8,mixed
1473,0.6973611111111111,30.0,4.0,C7,0.1324000060558319,C,7,#377eb8,mixed
1474,0.9908333333333333,30.0,1.0,C7,0.12430000305175781,C,7,#377eb8,mixed
1475,1.223277777777778,30.2,2.0,C7,0.12729999423027039,C,7,#377eb8,mixed
1476,1.455638888888889,30.1,3.0,C7,0.13169999420642853,C,7,#377eb8,mixed
1477,1.7777777777777777,30.1,1.0,C7,0.1378999948501587,C,7,#377eb8,mixed
1478,2.010222222222222,30.0,2.0,C7,0.14429999887943268,C,7,#377eb8,mixed
1479,2.2426944444444445,30.0,3.0,C7,0.15219999849796295,C,7,#377eb8,mixed
1480,2.475138888888889,29.9,4.0,C7,0.16380000114440918,C,7,#377eb8,mixed
1481,2.786388888888889,30.0,1.0,C7,0.1808999925851822,C,7,#377eb8,mixed
1482,3.0188333333333333,30.0,2.0,C7,0.1949000060558319,C,7,#377eb8,mixed
1483,3.252111111111111,29.9,3.0,C7,0.21490000188350677,C,7,#377eb8,mixed
1484,3.4845555555555556,30.1,4.0,C7,0.23469999432563782,C,7,#377eb8,mixed
1485,3.834722222222222,30.2,1.0,C7,0.28290000557899475,C,7,#377eb8,mixed
1486,4.067222222222222,30.2,2.0,C7,0.3107999861240387,C,7,#377eb8,mixed
1487,4.3005555555555555,30.2,3.0,C7,0.34689998626708984,C,7,#377eb8,mixed
1488,4.533055555555555,30.1,4.0,C7,0.3776000142097473,C,7,#377eb8,mixed
1489,4.941388888888889,30.0,1.0,C7,0.3815999925136566,C,7,#377eb8,mixed
1490,5.1738333333333335,30.0,2.0,C7,0.4034999907016754,C,7,#377eb8,mixed
1491,5.407055555555556,30.1,3.0,C7,0.4259999990463257,C,7,#377eb8,mixed
1492,5.639388888888889,30.2,4.0,C7,0.44999998807907104,C,7,#377eb8,mixed
1493,5.999444444444444,30.2,1.0,C7,0.4781000018119812,C,7,#377eb8,mixed
1494,6.231888888888888,30.1,2.0,C7,0.4957999885082245,C,7,#377eb8,mixed
1495,6.464222222222222,30.2,3.0,C7,0.5177000164985657,C,7,#377eb8,mixed
1496,6.697472222222222,30.1,4.0,C7,0.5328999757766724,C,7,#377eb8,mixed
1497,6.929805555555555,30.1,5.0,C7,0.5436000227928162,C,7,#377eb8,mixed
1498,7.162166666666667,30.2,6.0,C7,0.5532000064849854,C,7,#377eb8,mixed
1499,7.3945,30.3,7.0,C7,0.564300000667572,C,7,#377eb8,mixed
1500,7.626861111111111,30.1,8.0,C7,0.5720999836921692,C,7,#377eb8,mixed
1501,7.859222222222223,30.1,9.0,C7,0.5738000273704529,C,7,#377eb8,mixed
1502,8.091583333333334,30.0,10.0,C7,0.586899995803833,C,7,#377eb8,mixed
1503,8.323916666666666,30.1,11.0,C7,0.5932999849319458,C,7,#377eb8,mixed
1504,8.556277777777778,30.0,12.0,C7,0.597599983215332,C,7,#377eb8,mixed
1505,8.788638888888888,30.2,13.0,C7,0.5978999733924866,C,7,#377eb8,mixed
1506,9.020999999999999,30.0,14.0,C7,0.6013000011444092,C,7,#377eb8,mixed
1507,9.253361111111111,30.0,15.0,C7,0.6061000227928162,C,7,#377eb8,mixed
1508,9.485694444444444,30.0,16.0,C7,0.6111999750137329,C,7,#377eb8,mixed
1509,9.718055555555555,30.0,17.0,C7,0.6122000217437744,C,7,#377eb8,mixed
1510,9.950416666666667,30.1,18.0,C7,0.6105999946594238,C,7,#377eb8,mixed
1511,10.182777777777778,30.0,19.0,C7,0.6146000027656555,C,7,#377eb8,mixed
1512,10.415138888888889,29.9,20.0,C7,0.6100999712944031,C,7,#377eb8,mixed
1513,10.647472222222223,29.9,21.0,C7,0.6134999990463257,C,7,#377eb8,mixed
1514,10.879833333333334,30.2,22.0,C7,0.6111999750137329,C,7,#377eb8,mixed
1515,11.112194444444444,30.2,23.0,C7,0.6108999848365784,C,7,#377eb8,mixed
1516,11.344555555555557,30.2,24.0,C7,0.6172999739646912,C,7,#377eb8,mixed
1517,11.57688888888889,30.2,25.0,C7,0.612500011920929,C,7,#377eb8,mixed
1518,11.80925,30.2,26.0,C7,0.6151999831199646,C,7,#377eb8,mixed
1519,0.0,30.0,1.0,C8,0.12229999899864197,C,8,#377eb8,mixed
1520,0.23247222222222222,30.1,2.0,C8,0.12250000238418579,C,8,#377eb8,mixed
1521,0.4649166666666667,30.2,3.0,C8,0.12330000102519989,C,8,#377eb8,mixed
1522,0.6973611111111111,30.0,4.0,C8,0.12600000202655792,C,8,#377eb8,mixed
1523,0.9908333333333333,30.0,1.0,C8,0.12960000336170197,C,8,#377eb8,mixed
1524,1.223277777777778,30.2,2.0,C8,0.13050000369548798,C,8,#377eb8,mixed
1525,1.455638888888889,30.1,3.0,C8,0.13529999554157257,C,8,#377eb8,mixed
1526,1.7777777777777777,30.1,1.0,C8,0.1370999962091446,C,8,#377eb8,mixed
1527,2.010222222222222,30.0,2.0,C8,0.14380000531673431,C,8,#377eb8,mixed
1528,2.2426944444444445,30.0,3.0,C8,0.1543000042438507,C,8,#377eb8,mixed
1529,2.475138888888889,29.9,4.0,C8,0.16580000519752502,C,8,#377eb8,mixed
1530,2.786388888888889,30.0,1.0,C8,0.18400000035762787,C,8,#377eb8,mixed
1531,3.0188333333333333,30.0,2.0,C8,0.20100000500679016,C,8,#377eb8,mixed
1532,3.252111111111111,29.9,3.0,C8,0.2240999937057495,C,8,#377eb8,mixed
1533,3.4845555555555556,30.1,4.0,C8,0.24879999458789825,C,8,#377eb8,mixed
1534,3.834722222222222,30.2,1.0,C8,0.2842000126838684,C,8,#377eb8,mixed
1535,4.067222222222222,30.2,2.0,C8,0.31189998984336853,C,8,#377eb8,mixed
1536,4.3005555555555555,30.2,3.0,C8,0.3472000062465668,C,8,#377eb8,mixed
1537,4.533055555555555,30.1,4.0,C8,0.37630000710487366,C,8,#377eb8,mixed
1538,4.941388888888889,30.0,1.0,C8,0.39089998602867126,C,8,#377eb8,mixed
1539,5.1738333333333335,30.0,2.0,C8,0.41909998655319214,C,8,#377eb8,mixed
1540,5.407055555555556,30.1,3.0,C8,0.4368000030517578,C,8,#377eb8,mixed
1541,5.639388888888889,30.2,4.0,C8,0.45210000872612,C,8,#377eb8,mixed
1542,5.999444444444444,30.2,1.0,C8,0.46540001034736633,C,8,#377eb8,mixed
1543,6.231888888888888,30.1,2.0,C8,0.4810999929904938,C,8,#377eb8,mixed
1544,6.464222222222222,30.2,3.0,C8,0.4991999864578247,C,8,#377eb8,mixed
1545,6.697472222222222,30.1,4.0,C8,0.5115000009536743,C,8,#377eb8,mixed
1546,6.929805555555555,30.1,5.0,C8,0.5228999853134155,C,8,#377eb8,mixed
1547,7.162166666666667,30.2,6.0,C8,0.5338000059127808,C,8,#377eb8,mixed
1548,7.3945,30.3,7.0,C8,0.5424000024795532,C,8,#377eb8,mixed
1549,7.626861111111111,30.1,8.0,C8,0.5503000020980835,C,8,#377eb8,mixed
1550,7.859222222222223,30.1,9.0,C8,0.5562999844551086,C,8,#377eb8,mixed
1551,8.091583333333334,30.0,10.0,C8,0.5631999969482422,C,8,#377eb8,mixed
1552,8.323916666666666,30.1,11.0,C8,0.5740000009536743,C,8,#377eb8,mixed
1553,8.556277777777778,30.0,12.0,C8,0.58160001039505,C,8,#377eb8,mixed
1554,8.788638888888888,30.2,13.0,C8,0.5871000289916992,C,8,#377eb8,mixed
1555,9.020999999999999,30.0,14.0,C8,0.5900999903678894,C,8,#377eb8,mixed
1556,9.253361111111111,30.0,15.0,C8,0.5942999720573425,C,8,#377eb8,mixed
1557,9.485694444444444,30.0,16.0,C8,0.5981000065803528,C,8,#377eb8,mixed
1558,9.718055555555555,30.0,17.0,C8,0.5997999906539917,C,8,#377eb8,mixed
1559,9.950416666666667,30.1,18.0,C8,0.5982999801635742,C,8,#377eb8,mixed
1560,10.182777777777778,30.0,19.0,C8,0.6017000079154968,C,8,#377eb8,mixed
1561,10.415138888888889,29.9,20.0,C8,0.6031000018119812,C,8,#377eb8,mixed
1562,10.647472222222223,29.9,21.0,C8,0.6039000153541565,C,8,#377eb8,mixed
1563,10.879833333333334,30.2,22.0,C8,0.6037999987602234,C,8,#377eb8,mixed
1564,11.112194444444444,30.2,23.0,C8,0.6057000160217285,C,8,#377eb8,mixed
1565,11.344555555555557,30.2,24.0,C8,0.605400025844574,C,8,#377eb8,mixed
1566,11.57688888888889,30.2,25.0,C8,0.6057000160217285,C,8,#377eb8,mixed
1567,11.80925,30.2,26.0,C8,0.6044999957084656,C,8,#377eb8,mixed
1960,0.0,30.0,1.0,D5,0.1298999935388565,D,5,#377eb8,mixed
1961,0.23247222222222222,30.1,2.0,D5,0.12929999828338623,D,5,#377eb8,mixed
1962,0.4649166666666667,30.2,3.0,D5,0.1298000067472458,D,5,#377eb8,mixed
1963,0.6973611111111111,30.0,4.0,D5,0.13189999759197235,D,5,#377eb8,mixed
1964,0.9908333333333333,30.0,1.0,D5,0.12729999423027039,D,5,#377eb8,mixed
1965,1.223277777777778,30.2,2.0,D5,0.12970000505447388,D,5,#377eb8,mixed
1966,1.455638888888889,30.1,3.0,D5,0.13339999318122864,D,5,#377eb8,mixed
1967,1.7777777777777777,30.1,1.0,D5,0.13619999587535858,D,5,#377eb8,mixed
1968,2.010222222222222,30.0,2.0,D5,0.1420000046491623,D,5,#377eb8,mixed
1969,2.2426944444444445,30.0,3.0,D5,0.14959999918937683,D,5,#377eb8,mixed
1970,2.475138888888889,29.9,4.0,D5,0.15940000116825104,D,5,#377eb8,mixed
1971,2.786388888888889,30.0,1.0,D5,0.17679999768733978,D,5,#377eb8,mixed
1972,3.0188333333333333,30.0,2.0,D5,0.19339999556541443,D,5,#377eb8,mixed
1973,3.252111111111111,29.9,3.0,D5,0.20329999923706055,D,5,#377eb8,mixed
1974,3.4845555555555556,30.1,4.0,D5,0.2305999994277954,D,5,#377eb8,mixed
1975,3.834722222222222,30.2,1.0,D5,0.2655999958515167,D,5,#377eb8,mixed
1976,4.067222222222222,30.2,2.0,D5,0.2838999927043915,D,5,#377eb8,mixed
1977,4.3005555555555555,30.2,3.0,D5,0.3449000120162964,D,5,#377eb8,mixed
1978,4.533055555555555,30.1,4.0,D5,0.34209999442100525,D,5,#377eb8,mixed
1979,4.941388888888889,30.0,1.0,D5,0.4325999915599823,D,5,#377eb8,mixed
1980,5.1738333333333335,30.0,2.0,D5,0.4203000068664551,D,5,#377eb8,mixed
1981,5.407055555555556,30.1,3.0,D5,0.4717000126838684,D,5,#377eb8,mixed
1982,5.639388888888889,30.2,4.0,D5,0.5073000192642212,D,5,#377eb8,mixed
1983,5.999444444444444,30.2,1.0,D5,0.492900013923645,D,5,#377eb8,mixed
1984,6.231888888888888,30.1,2.0,D5,0.5005999803543091,D,5,#377eb8,mixed
1985,6.464222222222222,30.2,3.0,D5,0.51910001039505,D,5,#377eb8,mixed
1986,6.697472222222222,30.1,4.0,D5,0.536300003528595,D,5,#377eb8,mixed
1987,6.929805555555555,30.1,5.0,D5,0.5483999848365784,D,5,#377eb8,mixed
1988,7.162166666666667,30.2,6.0,D5,0.5598999857902527,D,5,#377eb8,mixed
1989,7.3945,30.3,7.0,D5,0.5680000185966492,D,5,#377eb8,mixed
1990,7.626861111111111,30.1,8.0,D5,0.5770999789237976,D,5,#377eb8,mixed
1991,7.859222222222223,30.1,9.0,D5,0.5860000252723694,D,5,#377eb8,mixed
1992,8.091583333333334,30.0,10.0,D5,0.5929999947547913,D,5,#377eb8,mixed
1993,8.323916666666666,30.1,11.0,D5,0.6198999881744385,D,5,#377eb8,mixed
1994,8.556277777777778,30.0,12.0,D5,0.6151000261306763,D,5,#377eb8,mixed
1995,8.788638888888888,30.2,13.0,D5,0.614799976348877,D,5,#377eb8,mixed
1996,9.020999999999999,30.0,14.0,D5,0.6327999830245972,D,5,#377eb8,mixed
1997,9.253361111111111,30.0,15.0,D5,0.6256999969482422,D,5,#377eb8,mixed
1998,9.485694444444444,30.0,16.0,D5,0.6360999941825867,D,5,#377eb8,mixed
1999,9.718055555555555,30.0,17.0,D5,0.6362000107765198,D,5,#377eb8,mixed
2000,9.950416666666667,30.1,18.0,D5,0.6330999732017517,D,5,#377eb8,mixed
2001,10.182777777777778,30.0,19.0,D5,0.6301000118255615,D,5,#377eb8,mixed
2002,10.415138888888889,29.9,20.0,D5,0.6294000148773193,D,5,#377eb8,mixed
2003,10.647472222222223,29.9,21.0,D5,0.6284999847412109,D,5,#377eb8,mixed
2004,10.879833333333334,30.2,22.0,D5,0.6290000081062317,D,5,#377eb8,mixed
2005,11.112194444444444,30.2,23.0,D5,0.6287999749183655,D,5,#377eb8,mixed
2006,11.344555555555557,30.2,24.0,D5,0.6291999816894531,D,5,#377eb8,mixed
2007,11.57688888888889,30.2,25.0,D5,0.6295999884605408,D,5,#377eb8,mixed
2008,11.80925,30.2,26.0,D5,0.6294999718666077,D,5,#377eb8,mixed
2009,0.0,30.0,1.0,D6,0.13120000064373016,D,6,#377eb8,mixed
2010,0.23247222222222222,30.1,2.0,D6,0.12890000641345978,D,6,#377eb8,mixed
2011,0.4649166666666667,30.2,3.0,D6,0.13130000233650208,D,6,#377eb8,mixed
2012,0.6973611111111111,30.0,4.0,D6,0.13230000436306,D,6,#377eb8,mixed
2013,0.9908333333333333,30.0,1.0,D6,0.12710000574588776,D,6,#377eb8,mixed
2014,1.223277777777778,30.2,2.0,D6,0.13089999556541443,D,6,#377eb8,mixed
2015,1.455638888888889,30.1,3.0,D6,0.13439999520778656,D,6,#377eb8,mixed
2016,1.7777777777777777,30.1,1.0,D6,0.14169999957084656,D,6,#377eb8,mixed
2017,2.010222222222222,30.0,2.0,D6,0.14749999344348907,D,6,#377eb8,mixed
2018,2.2426944444444445,30.0,3.0,D6,0.15929999947547913,D,6,#377eb8,mixed
2019,2.475138888888889,29.9,4.0,D6,0.17030000686645508,D,6,#377eb8,mixed
2020,2.786388888888889,30.0,1.0,D6,0.19120000302791595,D,6,#377eb8,mixed
2021,3.0188333333333333,30.0,2.0,D6,0.20890000462532043,D,6,#377eb8,mixed
2022,3.252111111111111,29.9,3.0,D6,0.23019999265670776,D,6,#377eb8,mixed
2023,3.4845555555555556,30.1,4.0,D6,0.25220000743865967,D,6,#377eb8,mixed
2024,3.834722222222222,30.2,1.0,D6,0.28450000286102295,D,6,#377eb8,mixed
2025,4.067222222222222,30.2,2.0,D6,0.31380000710487366,D,6,#377eb8,mixed
2026,4.3005555555555555,30.2,3.0,D6,0.34150001406669617,D,6,#377eb8,mixed
2027,4.533055555555555,30.1,4.0,D6,0.36579999327659607,D,6,#377eb8,mixed
2028,4.941388888888889,30.0,1.0,D6,0.4174000024795532,D,6,#377eb8,mixed
2029,5.1738333333333335,30.0,2.0,D6,0.43389999866485596,D,6,#377eb8,mixed
2030,5.407055555555556,30.1,3.0,D6,0.4512999951839447,D,6,#377eb8,mixed
2031,5.639388888888889,30.2,4.0,D6,0.4650000035762787,D,6,#377eb8,mixed
2032,5.999444444444444,30.2,1.0,D6,0.4544000029563904,D,6,#377eb8,mixed
2033,6.231888888888888,30.1,2.0,D6,0.46939998865127563,D,6,#377eb8,mixed
2034,6.464222222222222,30.2,3.0,D6,0.4846000075340271,D,6,#377eb8,mixed
2035,6.697472222222222,30.1,4.0,D6,0.4984000027179718,D,6,#377eb8,mixed
2036,6.929805555555555,30.1,5.0,D6,0.5206000208854675,D,6,#377eb8,mixed
2037,7.162166666666667,30.2,6.0,D6,0.5317999720573425,D,6,#377eb8,mixed
2038,7.3945,30.3,7.0,D6,0.5419999957084656,D,6,#377eb8,mixed
2039,7.626861111111111,30.1,8.0,D6,0.5501000285148621,D,6,#377eb8,mixed
2040,7.859222222222223,30.1,9.0,D6,0.5600000023841858,D,6,#377eb8,mixed
2041,8.091583333333334,30.0,10.0,D6,0.5687000155448914,D,6,#377eb8,mixed
2042,8.323916666666666,30.1,11.0,D6,0.5770000219345093,D,6,#377eb8,mixed
2043,8.556277777777778,30.0,12.0,D6,0.5824999809265137,D,6,#377eb8,mixed
2044,8.788638888888888,30.2,13.0,D6,0.5881999731063843,D,6,#377eb8,mixed
2045,9.020999999999999,30.0,14.0,D6,0.5940999984741211,D,6,#377eb8,mixed
2046,9.253361111111111,30.0,15.0,D6,0.600600004196167,D,6,#377eb8,mixed
2047,9.485694444444444,30.0,16.0,D6,0.6003000140190125,D,6,#377eb8,mixed
2048,9.718055555555555,30.0,17.0,D6,0.6018999814987183,D,6,#377eb8,mixed
2049,9.950416666666667,30.1,18.0,D6,0.6036999821662903,D,6,#377eb8,mixed
2050,10.182777777777778,30.0,19.0,D6,0.607200026512146,D,6,#377eb8,mixed
2051,10.415138888888889,29.9,20.0,D6,0.6118000149726868,D,6,#377eb8,mixed
2052,10.647472222222223,29.9,21.0,D6,0.6128000020980835,D,6,#377eb8,mixed
2053,10.879833333333334,30.2,22.0,D6,0.6177999973297119,D,6,#377eb8,mixed
2054,11.112194444444444,30.2,23.0,D6,0.621999979019165,D,6,#377eb8,mixed
2055,11.344555555555557,30.2,24.0,D6,0.6177999973297119,D,6,#377eb8,mixed
2056,11.57688888888889,30.2,25.0,D6,0.6197999715805054,D,6,#377eb8,mixed
2057,11.80925,30.2,26.0,D6,0.6269000172615051,D,6,#377eb8,mixed
2058,0.0,30.0,1.0,D7,0.1266999989748001,D,7,#377eb8,mixed
2059,0.23247222222222222,30.1,2.0,D7,0.12430000305175781,D,7,#377eb8,mixed
2060,0.4649166666666667,30.2,3.0,D7,0.12530000507831573,D,7,#377eb8,mixed
2061,0.6973611111111111,30.0,4.0,D7,0.1273999959230423,D,7,#377eb8,mixed
2062,0.9908333333333333,30.0,1.0,D7,0.12150000035762787,D,7,#377eb8,mixed
2063,1.223277777777778,30.2,2.0,D7,0.125,D,7,#377eb8,mixed
2064,1.455638888888889,30.1,3.0,D7,0.1298999935388565,D,7,#377eb8,mixed
2065,1.7777777777777777,30.1,1.0,D7,0.13809999823570251,D,7,#377eb8,mixed
2066,2.010222222222222,30.0,2.0,D7,0.14509999752044678,D,7,#377eb8,mixed
2067,2.2426944444444445,30.0,3.0,D7,0.15449999272823334,D,7,#377eb8,mixed
2068,2.475138888888889,29.9,4.0,D7,0.1648000031709671,D,7,#377eb8,mixed
2069,2.786388888888889,30.0,1.0,D7,0.18870000541210175,D,7,#377eb8,mixed
2070,3.0188333333333333,30.0,2.0,D7,0.2053000032901764,D,7,#377eb8,mixed
2071,3.252111111111111,29.9,3.0,D7,0.2240000069141388,D,7,#377eb8,mixed
2072,3.4845555555555556,30.1,4.0,D7,0.25029999017715454,D,7,#377eb8,mixed
2073,3.834722222222222,30.2,1.0,D7,0.2808000147342682,D,7,#377eb8,mixed
2074,4.067222222222222,30.2,2.0,D7,0.3086000084877014,D,7,#377eb8,mixed
2075,4.3005555555555555,30.2,3.0,D7,0.3384999930858612,D,7,#377eb8,mixed
2076,4.533055555555555,30.1,4.0,D7,0.36489999294281006,D,7,#377eb8,mixed
2077,4.941388888888889,30.0,1.0,D7,0.3995000123977661,D,7,#377eb8,mixed
2078,5.1738333333333335,30.0,2.0,D7,0.4237000048160553,D,7,#377eb8,mixed
2079,5.407055555555556,30.1,3.0,D7,0.4481000006198883,D,7,#377eb8,mixed
2080,5.639388888888889,30.2,4.0,D7,0.4672999978065491,D,7,#377eb8,mixed
2081,5.999444444444444,30.2,1.0,D7,0.48820000886917114,D,7,#377eb8,mixed
2082,6.231888888888888,30.1,2.0,D7,0.5034000277519226,D,7,#377eb8,mixed
2083,6.464222222222222,30.2,3.0,D7,0.5252000093460083,D,7,#377eb8,mixed
2084,6.697472222222222,30.1,4.0,D7,0.5442000031471252,D,7,#377eb8,mixed
2085,6.929805555555555,30.1,5.0,D7,0.5587999820709229,D,7,#377eb8,mixed
2086,7.162166666666667,30.2,6.0,D7,0.5673999786376953,D,7,#377eb8,mixed
2087,7.3945,30.3,7.0,D7,0.5756999850273132,D,7,#377eb8,mixed
2088,7.626861111111111,30.1,8.0,D7,0.5820000171661377,D,7,#377eb8,mixed
2089,7.859222222222223,30.1,9.0,D7,0.5864999890327454,D,7,#377eb8,mixed
2090,8.091583333333334,30.0,10.0,D7,0.6017000079154968,D,7,#377eb8,mixed
2091,8.323916666666666,30.1,11.0,D7,0.6072999835014343,D,7,#377eb8,mixed
2092,8.556277777777778,30.0,12.0,D7,0.6110000014305115,D,7,#377eb8,mixed
2093,8.788638888888888,30.2,13.0,D7,0.6182000041007996,D,7,#377eb8,mixed
2094,9.020999999999999,30.0,14.0,D7,0.6229000091552734,D,7,#377eb8,mixed
2095,9.253361111111111,30.0,15.0,D7,0.6237999796867371,D,7,#377eb8,mixed
2096,9.485694444444444,30.0,16.0,D7,0.6258000135421753,D,7,#377eb8,mixed
2097,9.718055555555555,30.0,17.0,D7,0.631600022315979,D,7,#377eb8,mixed
2098,9.950416666666667,30.1,18.0,D7,0.6323999762535095,D,7,#377eb8,mixed
2099,10.182777777777778,30.0,19.0,D7,0.6388000249862671,D,7,#377eb8,mixed
2100,10.415138888888889,29.9,20.0,D7,0.6402000188827515,D,7,#377eb8,mixed
2101,10.647472222222223,29.9,21.0,D7,0.6399000287055969,D,7,#377eb8,mixed
2102,10.879833333333334,30.2,22.0,D7,0.6449000239372253,D,7,#377eb8,mixed
2103,11.112194444444444,30.2,23.0,D7,0.6446999907493591,D,7,#377eb8,mixed
2104,11.344555555555557,30.2,24.0,D7,0.6467999815940857,D,7,#377eb8,mixed
2105,11.57688888888889,30.2,25.0,D7,0.646399974822998,D,7,#377eb8,mixed
2106,11.80925,30.2,26.0,D7,0.6488000154495239,D,7,#377eb8,mixed
2107,0.0,30.0,1.0,D8,0.12800000607967377,D,8,#377eb8,mixed
2108,0.23247222222222222,30.1,2.0,D8,0.12770000100135803,D,8,#377eb8,mixed
2109,0.4649166666666667,30.2,3.0,D8,0.13189999759197235,D,8,#377eb8,mixed
2110,0.6973611111111111,30.0,4.0,D8,0.12870000302791595,D,8,#377eb8,mixed
2111,0.9908333333333333,30.0,1.0,D8,0.1316000074148178,D,8,#377eb8,mixed
2112,1.223277777777778,30.2,2.0,D8,0.1348000019788742,D,8,#377eb8,mixed
2113,1.455638888888889,30.1,3.0,D8,0.1388999968767166,D,8,#377eb8,mixed
2114,1.7777777777777777,30.1,1.0,D8,0.13989999890327454,D,8,#377eb8,mixed
2115,2.010222222222222,30.0,2.0,D8,0.1460999995470047,D,8,#377eb8,mixed
2116,2.2426944444444445,30.0,3.0,D8,0.15680000185966492,D,8,#377eb8,mixed
2117,2.475138888888889,29.9,4.0,D8,0.16670000553131104,D,8,#377eb8,mixed
2118,2.786388888888889,30.0,1.0,D8,0.18469999730587006,D,8,#377eb8,mixed
2119,3.0188333333333333,30.0,2.0,D8,0.2020999938249588,D,8,#377eb8,mixed
2120,3.252111111111111,29.9,3.0,D8,0.2222999930381775,D,8,#377eb8,mixed
2121,3.4845555555555556,30.1,4.0,D8,0.2434999942779541,D,8,#377eb8,mixed
2122,3.834722222222222,30.2,1.0,D8,0.2768000066280365,D,8,#377eb8,mixed
2123,4.067222222222222,30.2,2.0,D8,0.3093000054359436,D,8,#377eb8,mixed
2124,4.3005555555555555,30.2,3.0,D8,0.335099995136261,D,8,#377eb8,mixed
2125,4.533055555555555,30.1,4.0,D8,0.36500000953674316,D,8,#377eb8,mixed
2126,4.941388888888889,30.0,1.0,D8,0.4034000039100647,D,8,#377eb8,mixed
2127,5.1738333333333335,30.0,2.0,D8,0.4269999861717224,D,8,#377eb8,mixed
2128,5.407055555555556,30.1,3.0,D8,0.4481000006198883,D,8,#377eb8,mixed
2129,5.639388888888889,30.2,4.0,D8,0.46309998631477356,D,8,#377eb8,mixed
2130,5.999444444444444,30.2,1.0,D8,0.4756999909877777,D,8,#377eb8,mixed
2131,6.231888888888888,30.1,2.0,D8,0.4912000000476837,D,8,#377eb8,mixed
2132,6.464222222222222,30.2,3.0,D8,0.5076000094413757,D,8,#377eb8,mixed
2133,6.697472222222222,30.1,4.0,D8,0.529699981212616,D,8,#377eb8,mixed
2134,6.929805555555555,30.1,5.0,D8,0.5443000197410583,D,8,#377eb8,mixed
2135,7.162166666666667,30.2,6.0,D8,0.5570999979972839,D,8,#377eb8,mixed
2136,7.3945,30.3,7.0,D8,0.5666000247001648,D,8,#377eb8,mixed
2137,7.626861111111111,30.1,8.0,D8,0.574400007724762,D,8,#377eb8,mixed
2138,7.859222222222223,30.1,9.0,D8,0.5846999883651733,D,8,#377eb8,mixed
2139,8.091583333333334,30.0,10.0,D8,0.5967000126838684,D,8,#377eb8,mixed
2140,8.323916666666666,30.1,11.0,D8,0.6047999858856201,D,8,#377eb8,mixed
2141,8.556277777777778,30.0,12.0,D8,0.6105999946594238,D,8,#377eb8,mixed
2142,8.788638888888888,30.2,13.0,D8,0.6151999831199646,D,8,#377eb8,mixed
2143,9.020999999999999,30.0,14.0,D8,0.6195999979972839,D,8,#377eb8,mixed
2144,9.253361111111111,30.0,15.0,D8,0.6227999925613403,D,8,#377eb8,mixed
2145,9.485694444444444,30.0,16.0,D8,0.6261000037193298,D,8,#377eb8,mixed
2146,9.718055555555555,30.0,17.0,D8,0.6304000020027161,D,8,#377eb8,mixed
2147,9.950416666666667,30.1,18.0,D8,0.6324999928474426,D,8,#377eb8,mixed
2148,10.182777777777778,30.0,19.0,D8,0.6371999979019165,D,8,#377eb8,mixed
2149,10.415138888888889,29.9,20.0,D8,0.6402999758720398,D,8,#377eb8,mixed
2150,10.647472222222223,29.9,21.0,D8,0.642300009727478,D,8,#377eb8,mixed
2151,10.879833333333334,30.2,22.0,D8,0.6452999711036682,D,8,#377eb8,mixed
2152,11.112194444444444,30.2,23.0,D8,0.6452000141143799,D,8,#377eb8,mixed
2153,11.344555555555557,30.2,24.0,D8,0.6491000056266785,D,8,#377eb8,mixed
2154,11.57688888888889,30.2,25.0,D8,0.6453999876976013,D,8,#377eb8,mixed
2155,11.80925,30.2,26.0,D8,0.6502000093460083,D,8,#377eb8,mixed
2597,0.0,30.0,1.0,E6,0.1274999976158142,E,6,#377eb8,mixed
2598,0.23247222222222222,30.1,2.0,E6,0.12860000133514404,E,6,#377eb8,mixed
2599,0.4649166666666667,30.2,3.0,E6,0.1298000067472458,E,6,#377eb8,mixed
2600,0.6973611111111111,30.0,4.0,E6,0.1316000074148178,E,6,#377eb8,mixed
2601,0.9908333333333333,30.0,1.0,E6,0.1216999962925911,E,6,#377eb8,mixed
2602,1.223277777777778,30.2,2.0,E6,0.12559999525547028,E,6,#377eb8,mixed
2603,1.455638888888889,30.1,3.0,E6,0.13109999895095825,E,6,#377eb8,mixed
2604,1.7777777777777777,30.1,1.0,E6,0.14239999651908875,E,6,#377eb8,mixed
2605,2.010222222222222,30.0,2.0,E6,0.14669999480247498,E,6,#377eb8,mixed
2606,2.2426944444444445,30.0,3.0,E6,0.1550000011920929,E,6,#377eb8,mixed
2607,2.475138888888889,29.9,4.0,E6,0.16670000553131104,E,6,#377eb8,mixed
2608,2.786388888888889,30.0,1.0,E6,0.1851000040769577,E,6,#377eb8,mixed
2609,3.0188333333333333,30.0,2.0,E6,0.1987999975681305,E,6,#377eb8,mixed
2610,3.252111111111111,29.9,3.0,E6,0.2184000015258789,E,6,#377eb8,mixed
2611,3.4845555555555556,30.1,4.0,E6,0.23999999463558197,E,6,#377eb8,mixed
2612,3.834722222222222,30.2,1.0,E6,0.2621999979019165,E,6,#377eb8,mixed
2613,4.067222222222222,30.2,2.0,E6,0.28850001096725464,E,6,#377eb8,mixed
2614,4.3005555555555555,30.2,3.0,E6,0.3149000108242035,E,6,#377eb8,mixed
2615,4.533055555555555,30.1,4.0,E6,0.3395000100135803,E,6,#377eb8,mixed
2616,4.941388888888889,30.0,1.0,E6,0.3864000141620636,E,6,#377eb8,mixed
2617,5.1738333333333335,30.0,2.0,E6,0.4106000065803528,E,6,#377eb8,mixed
2618,5.407055555555556,30.1,3.0,E6,0.42500001192092896,E,6,#377eb8,mixed
2619,5.639388888888889,30.2,4.0,E6,0.4381999969482422,E,6,#377eb8,mixed
2620,5.999444444444444,30.2,1.0,E6,0.45100000500679016,E,6,#377eb8,mixed
2621,6.231888888888888,30.1,2.0,E6,0.46650001406669617,E,6,#377eb8,mixed
2622,6.464222222222222,30.2,3.0,E6,0.47690001130104065,E,6,#377eb8,mixed
2623,6.697472222222222,30.1,4.0,E6,0.4959999918937683,E,6,#377eb8,mixed
2624,6.929805555555555,30.1,5.0,E6,0.5120999813079834,E,6,#377eb8,mixed
2625,7.162166666666667,30.2,6.0,E6,0.5210999846458435,E,6,#377eb8,mixed
2626,7.3945,30.3,7.0,E6,0.5293999910354614,E,6,#377eb8,mixed
2627,7.626861111111111,30.1,8.0,E6,0.5371999740600586,E,6,#377eb8,mixed
2628,7.859222222222223,30.1,9.0,E6,0.5447999835014343,E,6,#377eb8,mixed
2629,8.091583333333334,30.0,10.0,E6,0.5511000156402588,E,6,#377eb8,mixed
2630,8.323916666666666,30.1,11.0,E6,0.5586000084877014,E,6,#377eb8,mixed
2631,8.556277777777778,30.0,12.0,E6,0.5684999823570251,E,6,#377eb8,mixed
2632,8.788638888888888,30.2,13.0,E6,0.5746999979019165,E,6,#377eb8,mixed
2633,9.020999999999999,30.0,14.0,E6,0.5799000263214111,E,6,#377eb8,mixed
2634,9.253361111111111,30.0,15.0,E6,0.5846999883651733,E,6,#377eb8,mixed
2635,9.485694444444444,30.0,16.0,E6,0.5873000025749207,E,6,#377eb8,mixed
2636,9.718055555555555,30.0,17.0,E6,0.5889000296592712,E,6,#377eb8,mixed
2637,9.950416666666667,30.1,18.0,E6,0.5909000039100647,E,6,#377eb8,mixed
2638,10.182777777777778,30.0,19.0,E6,0.593999981880188,E,6,#377eb8,mixed
2639,10.415138888888889,29.9,20.0,E6,0.5957000255584717,E,6,#377eb8,mixed
2640,10.647472222222223,29.9,21.0,E6,0.5964000225067139,E,6,#377eb8,mixed
2641,10.879833333333334,30.2,22.0,E6,0.5983999967575073,E,6,#377eb8,mixed
2642,11.112194444444444,30.2,23.0,E6,0.6008999943733215,E,6,#377eb8,mixed
2643,11.344555555555557,30.2,24.0,E6,0.6021000146865845,E,6,#377eb8,mixed
2644,11.57688888888889,30.2,25.0,E6,0.6029999852180481,E,6,#377eb8,mixed
2645,11.80925,30.2,26.0,E6,0.6035000085830688,E,6,#377eb8,mixed
2646,0.0,30.0,1.0,E7,0.12060000002384186,E,7,#377eb8,mixed
2647,0.23247222222222222,30.1,2.0,E7,0.12030000239610672,E,7,#377eb8,mixed
2648,0.4649166666666667,30.2,3.0,E7,0.12139999866485596,E,7,#377eb8,mixed
2649,0.6973611111111111,30.0,4.0,E7,0.12399999797344208,E,7,#377eb8,mixed
2650,0.9908333333333333,30.0,1.0,E7,0.12849999964237213,E,7,#377eb8,mixed
2651,1.223277777777778,30.2,2.0,E7,0.1307000070810318,E,7,#377eb8,mixed
2652,1.455638888888889,30.1,3.0,E7,0.13510000705718994,E,7,#377eb8,mixed
2653,1.7777777777777777,30.1,1.0,E7,0.13680000603199005,E,7,#377eb8,mixed
2654,2.010222222222222,30.0,2.0,E7,0.14339999854564667,E,7,#377eb8,mixed
2655,2.2426944444444445,30.0,3.0,E7,0.15459999442100525,E,7,#377eb8,mixed
2656,2.475138888888889,29.9,4.0,E7,0.16539999842643738,E,7,#377eb8,mixed
2657,2.786388888888889,30.0,1.0,E7,0.1882999986410141,E,7,#377eb8,mixed
2658,3.0188333333333333,30.0,2.0,E7,0.20440000295639038,E,7,#377eb8,mixed
2659,3.252111111111111,29.9,3.0,E7,0.22519999742507935,E,7,#377eb8,mixed
2660,3.4845555555555556,30.1,4.0,E7,0.2451999932527542,E,7,#377eb8,mixed
2661,3.834722222222222,30.2,1.0,E7,0.2614000141620636,E,7,#377eb8,mixed
2662,4.067222222222222,30.2,2.0,E7,0.2863999903202057,E,7,#377eb8,mixed
2663,4.3005555555555555,30.2,3.0,E7,0.31290000677108765,E,7,#377eb8,mixed
2664,4.533055555555555,30.1,4.0,E7,0.3361999988555908,E,7,#377eb8,mixed
2665,4.941388888888889,30.0,1.0,E7,0.3790000081062317,E,7,#377eb8,mixed
2666,5.1738333333333335,30.0,2.0,E7,0.4018000066280365,E,7,#377eb8,mixed
2667,5.407055555555556,30.1,3.0,E7,0.4162999987602234,E,7,#377eb8,mixed
2668,5.639388888888889,30.2,4.0,E7,0.428600013256073,E,7,#377eb8,mixed
2669,5.999444444444444,30.2,1.0,E7,0.4442000091075897,E,7,#377eb8,mixed
2670,6.231888888888888,30.1,2.0,E7,0.45969998836517334,E,7,#377eb8,mixed
2671,6.464222222222222,30.2,3.0,E7,0.4697999954223633,E,7,#377eb8,mixed
2672,6.697472222222222,30.1,4.0,E7,0.4855000078678131,E,7,#377eb8,mixed
2673,6.929805555555555,30.1,5.0,E7,0.5015000104904175,E,7,#377eb8,mixed
2674,7.162166666666667,30.2,6.0,E7,0.511900007724762,E,7,#377eb8,mixed
2675,7.3945,30.3,7.0,E7,0.5194000005722046,E,7,#377eb8,mixed
2676,7.626861111111111,30.1,8.0,E7,0.5274999737739563,E,7,#377eb8,mixed
2677,7.859222222222223,30.1,9.0,E7,0.5329999923706055,E,7,#377eb8,mixed
2678,8.091583333333334,30.0,10.0,E7,0.5418999791145325,E,7,#377eb8,mixed
2679,8.323916666666666,30.1,11.0,E7,0.5486000180244446,E,7,#377eb8,mixed
2680,8.556277777777778,30.0,12.0,E7,0.555400013923645,E,7,#377eb8,mixed
2681,8.788638888888888,30.2,13.0,E7,0.5605000257492065,E,7,#377eb8,mixed
2682,9.020999999999999,30.0,14.0,E7,0.5670999884605408,E,7,#377eb8,mixed
2683,9.253361111111111,30.0,15.0,E7,0.5703999996185303,E,7,#377eb8,mixed
2684,9.485694444444444,30.0,16.0,E7,0.574400007724762,E,7,#377eb8,mixed
2685,9.718055555555555,30.0,17.0,E7,0.5785999894142151,E,7,#377eb8,mixed
2686,9.950416666666667,30.1,18.0,E7,0.5828999876976013,E,7,#377eb8,mixed
2687,10.182777777777778,30.0,19.0,E7,0.5827000141143799,E,7,#377eb8,mixed
2688,10.415138888888889,29.9,20.0,E7,0.583299994468689,E,7,#377eb8,mixed
2689,10.647472222222223,29.9,21.0,E7,0.5856999754905701,E,7,#377eb8,mixed
2690,10.879833333333334,30.2,22.0,E7,0.5873000025749207,E,7,#377eb8,mixed
2691,11.112194444444444,30.2,23.0,E7,0.5889000296592712,E,7,#377eb8,mixed
2692,11.344555555555557,30.2,24.0,E7,0.5892999768257141,E,7,#377eb8,mixed
2693,11.57688888888889,30.2,25.0,E7,0.590399980545044,E,7,#377eb8,mixed
2694,11.80925,30.2,26.0,E7,0.5910000205039978,E,7,#377eb8,mixed
3136,0.0,30.0,1.0,F5,0.1256999969482422,F,5,#377eb8,mixed
3137,0.23247222222222222,30.1,2.0,F5,0.12700000405311584,F,5,#377eb8,mixed
3138,0.4649166666666667,30.2,3.0,F5,0.12809999287128448,F,5,#377eb8,mixed
3139,0.6973611111111111,30.0,4.0,F5,0.12800000607967377,F,5,#377eb8,mixed
3140,0.9908333333333333,30.0,1.0,F5,0.13079999387264252,F,5,#377eb8,mixed
3141,1.223277777777778,30.2,2.0,F5,0.13300000131130219,F,5,#377eb8,mixed
3142,1.455638888888889,30.1,3.0,F5,0.1362999975681305,F,5,#377eb8,mixed
3143,1.7777777777777777,30.1,1.0,F5,0.13809999823570251,F,5,#377eb8,mixed
3144,2.010222222222222,30.0,2.0,F5,0.14350000023841858,F,5,#377eb8,mixed
3145,2.2426944444444445,30.0,3.0,F5,0.15049999952316284,F,5,#377eb8,mixed
3146,2.475138888888889,29.9,4.0,F5,0.16110000014305115,F,5,#377eb8,mixed
3147,2.786388888888889,30.0,1.0,F5,0.1736000031232834,F,5,#377eb8,mixed
3148,3.0188333333333333,30.0,2.0,F5,0.18719999492168427,F,5,#377eb8,mixed
3149,3.252111111111111,29.9,3.0,F5,0.20399999618530273,F,5,#377eb8,mixed
3150,3.4845555555555556,30.1,4.0,F5,0.22439999878406525,F,5,#377eb8,mixed
3151,3.834722222222222,30.2,1.0,F5,0.2547999918460846,F,5,#377eb8,mixed
3152,4.067222222222222,30.2,2.0,F5,0.2791999876499176,F,5,#377eb8,mixed
3153,4.3005555555555555,30.2,3.0,F5,0.30880001187324524,F,5,#377eb8,mixed
3154,4.533055555555555,30.1,4.0,F5,0.3407999873161316,F,5,#377eb8,mixed
3155,4.941388888888889,30.0,1.0,F5,0.37380000948905945,F,5,#377eb8,mixed
3156,5.1738333333333335,30.0,2.0,F5,0.3977999985218048,F,5,#377eb8,mixed
3157,5.407055555555556,30.1,3.0,F5,0.41179999709129333,F,5,#377eb8,mixed
3158,5.639388888888889,30.2,4.0,F5,0.43160000443458557,F,5,#377eb8,mixed
3159,5.999444444444444,30.2,1.0,F5,0.46399998664855957,F,5,#377eb8,mixed
3160,6.231888888888888,30.1,2.0,F5,0.48660001158714294,F,5,#377eb8,mixed
3161,6.464222222222222,30.2,3.0,F5,0.5095999836921692,F,5,#377eb8,mixed
3162,6.697472222222222,30.1,4.0,F5,0.5249999761581421,F,5,#377eb8,mixed
3163,6.929805555555555,30.1,5.0,F5,0.5285999774932861,F,5,#377eb8,mixed
3164,7.162166666666667,30.2,6.0,F5,0.5386000275611877,F,5,#377eb8,mixed
3165,7.3945,30.3,7.0,F5,0.5454999804496765,F,5,#377eb8,mixed
3166,7.626861111111111,30.1,8.0,F5,0.5543000102043152,F,5,#377eb8,mixed
3167,7.859222222222223,30.1,9.0,F5,0.5609999895095825,F,5,#377eb8,mixed
3168,8.091583333333334,30.0,10.0,F5,0.5702000260353088,F,5,#377eb8,mixed
3169,8.323916666666666,30.1,11.0,F5,0.5795000195503235,F,5,#377eb8,mixed
3170,8.556277777777778,30.0,12.0,F5,0.5871000289916992,F,5,#377eb8,mixed
3171,8.788638888888888,30.2,13.0,F5,0.5910999774932861,F,5,#377eb8,mixed
3172,9.020999999999999,30.0,14.0,F5,0.5996999740600586,F,5,#377eb8,mixed
3173,9.253361111111111,30.0,15.0,F5,0.6000999808311462,F,5,#377eb8,mixed
3174,9.485694444444444,30.0,16.0,F5,0.6060000061988831,F,5,#377eb8,mixed
3175,9.718055555555555,30.0,17.0,F5,0.607699990272522,F,5,#377eb8,mixed
3176,9.950416666666667,30.1,18.0,F5,0.616100013256073,F,5,#377eb8,mixed
3177,10.182777777777778,30.0,19.0,F5,0.6121000051498413,F,5,#377eb8,mixed
3178,10.415138888888889,29.9,20.0,F5,0.6137999892234802,F,5,#377eb8,mixed
3179,10.647472222222223,29.9,21.0,F5,0.614300012588501,F,5,#377eb8,mixed
3180,10.879833333333334,30.2,22.0,F5,0.6176000237464905,F,5,#377eb8,mixed
3181,11.112194444444444,30.2,23.0,F5,0.6184999942779541,F,5,#377eb8,mixed
3182,11.344555555555557,30.2,24.0,F5,0.6212999820709229,F,5,#377eb8,mixed
3183,11.57688888888889,30.2,25.0,F5,0.6190999746322632,F,5,#377eb8,mixed
3184,11.80925,30.2,26.0,F5,0.6194000244140625,F,5,#377eb8,mixed
3185,0.0,30.0,1.0,F6,0.12139999866485596,F,6,#377eb8,mixed
3186,0.23247222222222222,30.1,2.0,F6,0.1225999966263771,F,6,#377eb8,mixed
3187,0.4649166666666667,30.2,3.0,F6,0.1378999948501587,F,6,#377eb8,mixed
3188,0.6973611111111111,30.0,4.0,F6,0.12460000067949295,F,6,#377eb8,mixed
3189,0.9908333333333333,30.0,1.0,F6,0.131400004029274,F,6,#377eb8,mixed
3190,1.223277777777778,30.2,2.0,F6,0.13979999721050262,F,6,#377eb8,mixed
3191,1.455638888888889,30.1,3.0,F6,0.14329999685287476,F,6,#377eb8,mixed
3192,1.7777777777777777,30.1,1.0,F6,0.1370999962091446,F,6,#377eb8,mixed
3193,2.010222222222222,30.0,2.0,F6,0.14329999685287476,F,6,#377eb8,mixed
3194,2.2426944444444445,30.0,3.0,F6,0.15469999611377716,F,6,#377eb8,mixed
3195,2.475138888888889,29.9,4.0,F6,0.16329999268054962,F,6,#377eb8,mixed
3196,2.786388888888889,30.0,1.0,F6,0.179299995303154,F,6,#377eb8,mixed
3197,3.0188333333333333,30.0,2.0,F6,0.19699999690055847,F,6,#377eb8,mixed
3198,3.252111111111111,29.9,3.0,F6,0.21799999475479126,F,6,#377eb8,mixed
3199,3.4845555555555556,30.1,4.0,F6,0.2387000024318695,F,6,#377eb8,mixed
3200,3.834722222222222,30.2,1.0,F6,0.2685000002384186,F,6,#377eb8,mixed
3201,4.067222222222222,30.2,2.0,F6,0.3034000098705292,F,6,#377eb8,mixed
3202,4.3005555555555555,30.2,3.0,F6,0.33070001006126404,F,6,#377eb8,mixed
3203,4.533055555555555,30.1,4.0,F6,0.35440000891685486,F,6,#377eb8,mixed
3204,4.941388888888889,30.0,1.0,F6,0.4034999907016754,F,6,#377eb8,mixed
3205,5.1738333333333335,30.0,2.0,F6,0.4262999892234802,F,6,#377eb8,mixed
3206,5.407055555555556,30.1,3.0,F6,0.4503999948501587,F,6,#377eb8,mixed
3207,5.639388888888889,30.2,4.0,F6,0.46860000491142273,F,6,#377eb8,mixed
3208,5.999444444444444,30.2,1.0,F6,0.48890000581741333,F,6,#377eb8,mixed
3209,6.231888888888888,30.1,2.0,F6,0.5008000135421753,F,6,#377eb8,mixed
3210,6.464222222222222,30.2,3.0,F6,0.5259000062942505,F,6,#377eb8,mixed
3211,6.697472222222222,30.1,4.0,F6,0.5392000079154968,F,6,#377eb8,mixed
3212,6.929805555555555,30.1,5.0,F6,0.5511000156402588,F,6,#377eb8,mixed
3213,7.162166666666667,30.2,6.0,F6,0.5659000277519226,F,6,#377eb8,mixed
3214,7.3945,30.3,7.0,F6,0.5687999725341797,F,6,#377eb8,mixed
3215,7.626861111111111,30.1,8.0,F6,0.5771999955177307,F,6,#377eb8,mixed
3216,7.859222222222223,30.1,9.0,F6,0.5807999968528748,F,6,#377eb8,mixed
3217,8.091583333333334,30.0,10.0,F6,0.5892999768257141,F,6,#377eb8,mixed
3218,8.323916666666666,30.1,11.0,F6,0.6010000109672546,F,6,#377eb8,mixed
3219,8.556277777777778,30.0,12.0,F6,0.6039000153541565,F,6,#377eb8,mixed
3220,8.788638888888888,30.2,13.0,F6,0.6158999800682068,F,6,#377eb8,mixed
3221,9.020999999999999,30.0,14.0,F6,0.614799976348877,F,6,#377eb8,mixed
3222,9.253361111111111,30.0,15.0,F6,0.6158999800682068,F,6,#377eb8,mixed
3223,9.485694444444444,30.0,16.0,F6,0.6186000108718872,F,6,#377eb8,mixed
3224,9.718055555555555,30.0,17.0,F6,0.6198999881744385,F,6,#377eb8,mixed
3225,9.950416666666667,30.1,18.0,F6,0.6258999705314636,F,6,#377eb8,mixed
3226,10.182777777777778,30.0,19.0,F6,0.629800021648407,F,6,#377eb8,mixed
3227,10.415138888888889,29.9,20.0,F6,0.6337000131607056,F,6,#377eb8,mixed
3228,10.647472222222223,29.9,21.0,F6,0.6341000199317932,F,6,#377eb8,mixed
3229,10.879833333333334,30.2,22.0,F6,0.6352999806404114,F,6,#377eb8,mixed
3230,11.112194444444444,30.2,23.0,F6,0.6338000297546387,F,6,#377eb8,mixed
3231,11.344555555555557,30.2,24.0,F6,0.6327999830245972,F,6,#377eb8,mixed
3232,11.57688888888889,30.2,25.0,F6,0.6349999904632568,F,6,#377eb8,mixed
3233,11.80925,30.2,26.0,F6,0.6377000212669373,F,6,#377eb8,mixed
3234,0.0,30.0,1.0,F7,0.12210000306367874,F,7,#377eb8,mixed
3235,0.23247222222222222,30.1,2.0,F7,0.1216999962925911,F,7,#377eb8,mixed
3236,0.4649166666666667,30.2,3.0,F7,0.12540000677108765,F,7,#377eb8,mixed
3237,0.6973611111111111,30.0,4.0,F7,0.13040000200271606,F,7,#377eb8,mixed
3238,0.9908333333333333,30.0,1.0,F7,0.13529999554157257,F,7,#377eb8,mixed
3239,1.223277777777778,30.2,2.0,F7,0.1378999948501587,F,7,#377eb8,mixed
3240,1.455638888888889,30.1,3.0,F7,0.1444000005722046,F,7,#377eb8,mixed
3241,1.7777777777777777,30.1,1.0,F7,0.14270000159740448,F,7,#377eb8,mixed
3242,2.010222222222222,30.0,2.0,F7,0.14980000257492065,F,7,#377eb8,mixed
3243,2.2426944444444445,30.0,3.0,F7,0.15929999947547913,F,7,#377eb8,mixed
3244,2.475138888888889,29.9,4.0,F7,0.17249999940395355,F,7,#377eb8,mixed
3245,2.786388888888889,30.0,1.0,F7,0.1891999989748001,F,7,#377eb8,mixed
3246,3.0188333333333333,30.0,2.0,F7,0.20960000157356262,F,7,#377eb8,mixed
3247,3.252111111111111,29.9,3.0,F7,0.22789999842643738,F,7,#377eb8,mixed
3248,3.4845555555555556,30.1,4.0,F7,0.2533999979496002,F,7,#377eb8,mixed
3249,3.834722222222222,30.2,1.0,F7,0.2849000096321106,F,7,#377eb8,mixed
3250,4.067222222222222,30.2,2.0,F7,0.3102000057697296,F,7,#377eb8,mixed
3251,4.3005555555555555,30.2,3.0,F7,0.33489999175071716,F,7,#377eb8,mixed
3252,4.533055555555555,30.1,4.0,F7,0.353300005197525,F,7,#377eb8,mixed
3253,4.941388888888889,30.0,1.0,F7,0.3977000117301941,F,7,#377eb8,mixed
3254,5.1738333333333335,30.0,2.0,F7,0.42080000042915344,F,7,#377eb8,mixed
3255,5.407055555555556,30.1,3.0,F7,0.4374000132083893,F,7,#377eb8,mixed
3256,5.639388888888889,30.2,4.0,F7,0.4503999948501587,F,7,#377eb8,mixed
3257,5.999444444444444,30.2,1.0,F7,0.4636000096797943,F,7,#377eb8,mixed
3258,6.231888888888888,30.1,2.0,F7,0.48019999265670776,F,7,#377eb8,mixed
3259,6.464222222222222,30.2,3.0,F7,0.49050000309944153,F,7,#377eb8,mixed
3260,6.697472222222222,30.1,4.0,F7,0.5049999952316284,F,7,#377eb8,mixed
3261,6.929805555555555,30.1,5.0,F7,0.5213000178337097,F,7,#377eb8,mixed
3262,7.162166666666667,30.2,6.0,F7,0.5357999801635742,F,7,#377eb8,mixed
3263,7.3945,30.3,7.0,F7,0.5439000129699707,F,7,#377eb8,mixed
3264,7.626861111111111,30.1,8.0,F7,0.5539000034332275,F,7,#377eb8,mixed
3265,7.859222222222223,30.1,9.0,F7,0.5605999827384949,F,7,#377eb8,mixed
3266,8.091583333333334,30.0,10.0,F7,0.5697000026702881,F,7,#377eb8,mixed
3267,8.323916666666666,30.1,11.0,F7,0.5753999948501587,F,7,#377eb8,mixed
3268,8.556277777777778,30.0,12.0,F7,0.5817999839782715,F,7,#377eb8,mixed
3269,8.788638888888888,30.2,13.0,F7,0.5882999897003174,F,7,#377eb8,mixed
3270,9.020999999999999,30.0,14.0,F7,0.5931000113487244,F,7,#377eb8,mixed
3271,9.253361111111111,30.0,15.0,F7,0.5920000076293945,F,7,#377eb8,mixed
3272,9.485694444444444,30.0,16.0,F7,0.5960000157356262,F,7,#377eb8,mixed
3273,9.718055555555555,30.0,17.0,F7,0.5996000170707703,F,7,#377eb8,mixed
3274,9.950416666666667,30.1,18.0,F7,0.6018999814987183,F,7,#377eb8,mixed
3275,10.182777777777778,30.0,19.0,F7,0.6046000123023987,F,7,#377eb8,mixed
3276,10.415138888888889,29.9,20.0,F7,0.6074000000953674,F,7,#377eb8,mixed
3277,10.647472222222223,29.9,21.0,F7,0.6053000092506409,F,7,#377eb8,mixed
3278,10.879833333333334,30.2,22.0,F7,0.6080999970436096,F,7,#377eb8,mixed
3279,11.112194444444444,30.2,23.0,F7,0.6116999983787537,F,7,#377eb8,mixed
3280,11.344555555555557,30.2,24.0,F7,0.613099992275238,F,7,#377eb8,mixed
3281,11.57688888888889,30.2,25.0,F7,0.6126999855041504,F,7,#377eb8,mixed
3282,11.80925,30.2,26.0,F7,0.6146000027656555,F,7,#377eb8,mixed
3283,0.0,30.0,1.0,F8,0.11919999867677689,F,8,#377eb8,mixed
3284,0.23247222222222222,30.1,2.0,F8,0.12139999866485596,F,8,#377eb8,mixed
3285,0.4649166666666667,30.2,3.0,F8,0.12269999831914902,F,8,#377eb8,mixed
3286,0.6973611111111111,30.0,4.0,F8,0.12430000305175781,F,8,#377eb8,mixed
3287,0.9908333333333333,30.0,1.0,F8,0.12300000339746475,F,8,#377eb8,mixed
3288,1.223277777777778,30.2,2.0,F8,0.12630000710487366,F,8,#377eb8,mixed
3289,1.455638888888889,30.1,3.0,F8,0.1315000057220459,F,8,#377eb8,mixed
3290,1.7777777777777777,30.1,1.0,F8,0.13650000095367432,F,8,#377eb8,mixed
3291,2.010222222222222,30.0,2.0,F8,0.14380000531673431,F,8,#377eb8,mixed
3292,2.2426944444444445,30.0,3.0,F8,0.15369999408721924,F,8,#377eb8,mixed
3293,2.475138888888889,29.9,4.0,F8,0.1655000001192093,F,8,#377eb8,mixed
3294,2.786388888888889,30.0,1.0,F8,0.1899999976158142,F,8,#377eb8,mixed
3295,3.0188333333333333,30.0,2.0,F8,0.20739999413490295,F,8,#377eb8,mixed
3296,3.252111111111111,29.9,3.0,F8,0.22589999437332153,F,8,#377eb8,mixed
3297,3.4845555555555556,30.1,4.0,F8,0.24819999933242798,F,8,#377eb8,mixed
3298,3.834722222222222,30.2,1.0,F8,0.26660001277923584,F,8,#377eb8,mixed
3299,4.067222222222222,30.2,2.0,F8,0.2921999990940094,F,8,#377eb8,mixed
3300,4.3005555555555555,30.2,3.0,F8,0.3203999996185303,F,8,#377eb8,mixed
3301,4.533055555555555,30.1,4.0,F8,0.3416999876499176,F,8,#377eb8,mixed
3302,4.941388888888889,30.0,1.0,F8,0.3862000107765198,F,8,#377eb8,mixed
3303,5.1738333333333335,30.0,2.0,F8,0.4092000126838684,F,8,#377eb8,mixed
3304,5.407055555555556,30.1,3.0,F8,0.4235999882221222,F,8,#377eb8,mixed
3305,5.639388888888889,30.2,4.0,F8,0.4352000057697296,F,8,#377eb8,mixed
3306,5.999444444444444,30.2,1.0,F8,0.4496999979019165,F,8,#377eb8,mixed
3307,6.231888888888888,30.1,2.0,F8,0.4648999869823456,F,8,#377eb8,mixed
3308,6.464222222222222,30.2,3.0,F8,0.4740000069141388,F,8,#377eb8,mixed
3309,6.697472222222222,30.1,4.0,F8,0.48890000581741333,F,8,#377eb8,mixed
3310,6.929805555555555,30.1,5.0,F8,0.5034999847412109,F,8,#377eb8,mixed
3311,7.162166666666667,30.2,6.0,F8,0.5138999819755554,F,8,#377eb8,mixed
3312,7.3945,30.3,7.0,F8,0.5224000215530396,F,8,#377eb8,mixed
3313,7.626861111111111,30.1,8.0,F8,0.5309000015258789,F,8,#377eb8,mixed
3314,7.859222222222223,30.1,9.0,F8,0.5353000164031982,F,8,#377eb8,mixed
3315,8.091583333333334,30.0,10.0,F8,0.5430999994277954,F,8,#377eb8,mixed
3316,8.323916666666666,30.1,11.0,F8,0.5532000064849854,F,8,#377eb8,mixed
3317,8.556277777777778,30.0,12.0,F8,0.5595999956130981,F,8,#377eb8,mixed
3318,8.788638888888888,30.2,13.0,F8,0.5644999742507935,F,8,#377eb8,mixed
3319,9.020999999999999,30.0,14.0,F8,0.5703999996185303,F,8,#377eb8,mixed
3320,9.253361111111111,30.0,15.0,F8,0.5742999911308289,F,8,#377eb8,mixed
3321,9.485694444444444,30.0,16.0,F8,0.5774999856948853,F,8,#377eb8,mixed
3322,9.718055555555555,30.0,17.0,F8,0.5796999931335449,F,8,#377eb8,mixed
3323,9.950416666666667,30.1,18.0,F8,0.583299994468689,F,8,#377eb8,mixed
3324,10.182777777777778,30.0,19.0,F8,0.5849999785423279,F,8,#377eb8,mixed
3325,10.415138888888889,29.9,20.0,F8,0.5874999761581421,F,8,#377eb8,mixed
3326,10.647472222222223,29.9,21.0,F8,0.588100016117096,F,8,#377eb8,mixed
3327,10.879833333333334,30.2,22.0,F8,0.589900016784668,F,8,#377eb8,mixed
3328,11.112194444444444,30.2,23.0,F8,0.5925999879837036,F,8,#377eb8,mixed
3329,11.344555555555557,30.2,24.0,F8,0.5939000248908997,F,8,#377eb8,mixed
3330,11.57688888888889,30.2,25.0,F8,0.5935999751091003,F,8,#377eb8,mixed
3331,11.80925,30.2,26.0,F8,0.5964000225067139,F,8,#377eb8,mixed
3724,0.0,30.0,1.0,G5,0.11710000038146973,G,5,#377eb8,mixed
3725,0.23247222222222222,30.1,2.0,G5,0.11810000240802765,G,5,#377eb8,mixed
3726,0.4649166666666667,30.2,3.0,G5,0.11990000307559967,G,5,#377eb8,mixed
3727,0.6973611111111111,30.0,4.0,G5,0.12039999663829803,G,5,#377eb8,mixed
3728,0.9908333333333333,30.0,1.0,G5,0.12880000472068787,G,5,#377eb8,mixed
3729,1.223277777777778,30.2,2.0,G5,0.13089999556541443,G,5,#377eb8,mixed
3730,1.455638888888889,30.1,3.0,G5,0.1354999989271164,G,5,#377eb8,mixed
3731,1.7777777777777777,30.1,1.0,G5,0.14419999718666077,G,5,#377eb8,mixed
3732,2.010222222222222,30.0,2.0,G5,0.14810000360012054,G,5,#377eb8,mixed
3733,2.2426944444444445,30.0,3.0,G5,0.15690000355243683,G,5,#377eb8,mixed
3734,2.475138888888889,29.9,4.0,G5,0.16779999434947968,G,5,#377eb8,mixed
3735,2.786388888888889,30.0,1.0,G5,0.18140000104904175,G,5,#377eb8,mixed
3736,3.0188333333333333,30.0,2.0,G5,0.1979999989271164,G,5,#377eb8,mixed
3737,3.252111111111111,29.9,3.0,G5,0.21629999577999115,G,5,#377eb8,mixed
3738,3.4845555555555556,30.1,4.0,G5,0.24009999632835388,G,5,#377eb8,mixed
3739,3.834722222222222,30.2,1.0,G5,0.27810001373291016,G,5,#377eb8,mixed
3740,4.067222222222222,30.2,2.0,G5,0.30820000171661377,G,5,#377eb8,mixed
3741,4.3005555555555555,30.2,3.0,G5,0.3402000069618225,G,5,#377eb8,mixed
3742,4.533055555555555,30.1,4.0,G5,0.3732999861240387,G,5,#377eb8,mixed
3743,4.941388888888889,30.0,1.0,G5,0.4163999855518341,G,5,#377eb8,mixed
3744,5.1738333333333335,30.0,2.0,G5,0.4352000057697296,G,5,#377eb8,mixed
3745,5.407055555555556,30.1,3.0,G5,0.4636000096797943,G,5,#377eb8,mixed
3746,5.639388888888889,30.2,4.0,G5,0.48330000042915344,G,5,#377eb8,mixed
3747,5.999444444444444,30.2,1.0,G5,0.49390000104904175,G,5,#377eb8,mixed
3748,6.231888888888888,30.1,2.0,G5,0.5105000138282776,G,5,#377eb8,mixed
3749,6.464222222222222,30.2,3.0,G5,0.527899980545044,G,5,#377eb8,mixed
3750,6.697472222222222,30.1,4.0,G5,0.5406000018119812,G,5,#377eb8,mixed
3751,6.929805555555555,30.1,5.0,G5,0.5521000027656555,G,5,#377eb8,mixed
3752,7.162166666666667,30.2,6.0,G5,0.5570999979972839,G,5,#377eb8,mixed
3753,7.3945,30.3,7.0,G5,0.5683000087738037,G,5,#377eb8,mixed
3754,7.626861111111111,30.1,8.0,G5,0.5741000175476074,G,5,#377eb8,mixed
3755,7.859222222222223,30.1,9.0,G5,0.5802000164985657,G,5,#377eb8,mixed
3756,8.091583333333334,30.0,10.0,G5,0.5823000073432922,G,5,#377eb8,mixed
3757,8.323916666666666,30.1,11.0,G5,0.5893999934196472,G,5,#377eb8,mixed
3758,8.556277777777778,30.0,12.0,G5,0.5957000255584717,G,5,#377eb8,mixed
3759,8.788638888888888,30.2,13.0,G5,0.6031000018119812,G,5,#377eb8,mixed
3760,9.020999999999999,30.0,14.0,G5,0.6072999835014343,G,5,#377eb8,mixed
3761,9.253361111111111,30.0,15.0,G5,0.6172000169754028,G,5,#377eb8,mixed
3762,9.485694444444444,30.0,16.0,G5,0.6169999837875366,G,5,#377eb8,mixed
3763,9.718055555555555,30.0,17.0,G5,0.6208999752998352,G,5,#377eb8,mixed
3764,9.950416666666667,30.1,18.0,G5,0.6219000220298767,G,5,#377eb8,mixed
3765,10.182777777777778,30.0,19.0,G5,0.6241000294685364,G,5,#377eb8,mixed
3766,10.415138888888889,29.9,20.0,G5,0.628600001335144,G,5,#377eb8,mixed
3767,10.647472222222223,29.9,21.0,G5,0.6304000020027161,G,5,#377eb8,mixed
3768,10.879833333333334,30.2,22.0,G5,0.6292999982833862,G,5,#377eb8,mixed
3769,11.112194444444444,30.2,23.0,G5,0.6298999786376953,G,5,#377eb8,mixed
3770,11.344555555555557,30.2,24.0,G5,0.6309999823570251,G,5,#377eb8,mixed
3771,11.57688888888889,30.2,25.0,G5,0.6317999958992004,G,5,#377eb8,mixed
3772,11.80925,30.2,26.0,G5,0.6341000199317932,G,5,#377eb8,mixed
3773,0.0,30.0,1.0,G6,0.11959999799728394,G,6,#377eb8,mixed
3774,0.23247222222222222,30.1,2.0,G6,0.12110000103712082,G,6,#377eb8,mixed
3775,0.4649166666666667,30.2,3.0,G6,0.120899997651577,G,6,#377eb8,mixed
3776,0.6973611111111111,30.0,4.0,G6,0.12330000102519989,G,6,#377eb8,mixed
3777,0.9908333333333333,30.0,1.0,G6,0.13079999387264252,G,6,#377eb8,mixed
3778,1.223277777777778,30.2,2.0,G6,0.13249999284744263,G,6,#377eb8,mixed
3779,1.455638888888889,30.1,3.0,G6,0.13819999992847443,G,6,#377eb8,mixed
3780,1.7777777777777777,30.1,1.0,G6,0.14300000667572021,G,6,#377eb8,mixed
3781,2.010222222222222,30.0,2.0,G6,0.15070000290870667,G,6,#377eb8,mixed
3782,2.2426944444444445,30.0,3.0,G6,0.16089999675750732,G,6,#377eb8,mixed
3783,2.475138888888889,29.9,4.0,G6,0.17299999296665192,G,6,#377eb8,mixed
3784,2.786388888888889,30.0,1.0,G6,0.18310000002384186,G,6,#377eb8,mixed
3785,3.0188333333333333,30.0,2.0,G6,0.20069999992847443,G,6,#377eb8,mixed
3786,3.252111111111111,29.9,3.0,G6,0.22169999778270721,G,6,#377eb8,mixed
3787,3.4845555555555556,30.1,4.0,G6,0.24729999899864197,G,6,#377eb8,mixed
3788,3.834722222222222,30.2,1.0,G6,0.2791999876499176,G,6,#377eb8,mixed
3789,4.067222222222222,30.2,2.0,G6,0.3084000051021576,G,6,#377eb8,mixed
3790,4.3005555555555555,30.2,3.0,G6,0.3352999985218048,G,6,#377eb8,mixed
3791,4.533055555555555,30.1,4.0,G6,0.3562000095844269,G,6,#377eb8,mixed
3792,4.941388888888889,30.0,1.0,G6,0.41280001401901245,G,6,#377eb8,mixed
3793,5.1738333333333335,30.0,2.0,G6,0.43540000915527344,G,6,#377eb8,mixed
3794,5.407055555555556,30.1,3.0,G6,0.4577000141143799,G,6,#377eb8,mixed
3795,5.639388888888889,30.2,4.0,G6,0.47380000352859497,G,6,#377eb8,mixed
3796,5.999444444444444,30.2,1.0,G6,0.48989999294281006,G,6,#377eb8,mixed
3797,6.231888888888888,30.1,2.0,G6,0.5048999786376953,G,6,#377eb8,mixed
3798,6.464222222222222,30.2,3.0,G6,0.519599974155426,G,6,#377eb8,mixed
3799,6.697472222222222,30.1,4.0,G6,0.5393000245094299,G,6,#377eb8,mixed
3800,6.929805555555555,30.1,5.0,G6,0.5547000169754028,G,6,#377eb8,mixed
3801,7.162166666666667,30.2,6.0,G6,0.5631999969482422,G,6,#377eb8,mixed
3802,7.3945,30.3,7.0,G6,0.5706999897956848,G,6,#377eb8,mixed
3803,7.626861111111111,30.1,8.0,G6,0.5788999795913696,G,6,#377eb8,mixed
3804,7.859222222222223,30.1,9.0,G6,0.5855000019073486,G,6,#377eb8,mixed
3805,8.091583333333334,30.0,10.0,G6,0.5928000211715698,G,6,#377eb8,mixed
3806,8.323916666666666,30.1,11.0,G6,0.597599983215332,G,6,#377eb8,mixed
3807,8.556277777777778,30.0,12.0,G6,0.6018999814987183,G,6,#377eb8,mixed
3808,8.788638888888888,30.2,13.0,G6,0.6085000038146973,G,6,#377eb8,mixed
3809,9.020999999999999,30.0,14.0,G6,0.6146000027656555,G,6,#377eb8,mixed
3810,9.253361111111111,30.0,15.0,G6,0.6175000071525574,G,6,#377eb8,mixed
3811,9.485694444444444,30.0,16.0,G6,0.6202999949455261,G,6,#377eb8,mixed
3812,9.718055555555555,30.0,17.0,G6,0.621999979019165,G,6,#377eb8,mixed
3813,9.950416666666667,30.1,18.0,G6,0.6229000091552734,G,6,#377eb8,mixed
3814,10.182777777777778,30.0,19.0,G6,0.6270999908447266,G,6,#377eb8,mixed
3815,10.415138888888889,29.9,20.0,G6,0.6294000148773193,G,6,#377eb8,mixed
3816,10.647472222222223,29.9,21.0,G6,0.6304000020027161,G,6,#377eb8,mixed
3817,10.879833333333334,30.2,22.0,G6,0.6341999769210815,G,6,#377eb8,mixed
3818,11.112194444444444,30.2,23.0,G6,0.6376000046730042,G,6,#377eb8,mixed
3819,11.344555555555557,30.2,24.0,G6,0.6385999917984009,G,6,#377eb8,mixed
3820,11.57688888888889,30.2,25.0,G6,0.6416000127792358,G,6,#377eb8,mixed
3821,11.80925,30.2,26.0,G6,0.6424999833106995,G,6,#377eb8,mixed
3822,0.0,30.0,1.0,G7,0.12610000371932983,G,7,#377eb8,mixed
3823,0.23247222222222222,30.1,2.0,G7,0.12460000067949295,G,7,#377eb8,mixed
3824,0.4649166666666667,30.2,3.0,G7,0.12520000338554382,G,7,#377eb8,mixed
3825,0.6973611111111111,30.0,4.0,G7,0.12759999930858612,G,7,#377eb8,mixed
3826,0.9908333333333333,30.0,1.0,G7,0.12700000405311584,G,7,#377eb8,mixed
3827,1.223277777777778,30.2,2.0,G7,0.1298999935388565,G,7,#377eb8,mixed
3828,1.455638888888889,30.1,3.0,G7,0.13490000367164612,G,7,#377eb8,mixed
3829,1.7777777777777777,30.1,1.0,G7,0.14339999854564667,G,7,#377eb8,mixed
3830,2.010222222222222,30.0,2.0,G7,0.1551000028848648,G,7,#377eb8,mixed
3831,2.2426944444444445,30.0,3.0,G7,0.1615999937057495,G,7,#377eb8,mixed
3832,2.475138888888889,29.9,4.0,G7,0.17419999837875366,G,7,#377eb8,mixed
3833,2.786388888888889,30.0,1.0,G7,0.1868000030517578,G,7,#377eb8,mixed
3834,3.0188333333333333,30.0,2.0,G7,0.20340000092983246,G,7,#377eb8,mixed
3835,3.252111111111111,29.9,3.0,G7,0.22370000183582306,G,7,#377eb8,mixed
3836,3.4845555555555556,30.1,4.0,G7,0.2475000023841858,G,7,#377eb8,mixed
3837,3.834722222222222,30.2,1.0,G7,0.2808000147342682,G,7,#377eb8,mixed
3838,4.067222222222222,30.2,2.0,G7,0.3077000081539154,G,7,#377eb8,mixed
3839,4.3005555555555555,30.2,3.0,G7,0.3352000117301941,G,7,#377eb8,mixed
3840,4.533055555555555,30.1,4.0,G7,0.35760000348091125,G,7,#377eb8,mixed
3841,4.941388888888889,30.0,1.0,G7,0.4090999960899353,G,7,#377eb8,mixed
3842,5.1738333333333335,30.0,2.0,G7,0.42829999327659607,G,7,#377eb8,mixed
3843,5.407055555555556,30.1,3.0,G7,0.44859999418258667,G,7,#377eb8,mixed
3844,5.639388888888889,30.2,4.0,G7,0.4668000042438507,G,7,#377eb8,mixed
3845,5.999444444444444,30.2,1.0,G7,0.48019999265670776,G,7,#377eb8,mixed
3846,6.231888888888888,30.1,2.0,G7,0.4957999885082245,G,7,#377eb8,mixed
3847,6.464222222222222,30.2,3.0,G7,0.506600022315979,G,7,#377eb8,mixed
3848,6.697472222222222,30.1,4.0,G7,0.5228999853134155,G,7,#377eb8,mixed
3849,6.929805555555555,30.1,5.0,G7,0.5393000245094299,G,7,#377eb8,mixed
3850,7.162166666666667,30.2,6.0,G7,0.5476999878883362,G,7,#377eb8,mixed
3851,7.3945,30.3,7.0,G7,0.5579000115394592,G,7,#377eb8,mixed
3852,7.626861111111111,30.1,8.0,G7,0.5601999759674072,G,7,#377eb8,mixed
3853,7.859222222222223,30.1,9.0,G7,0.5687999725341797,G,7,#377eb8,mixed
3854,8.091583333333334,30.0,10.0,G7,0.5759000182151794,G,7,#377eb8,mixed
3855,8.323916666666666,30.1,11.0,G7,0.5809999704360962,G,7,#377eb8,mixed
3856,8.556277777777778,30.0,12.0,G7,0.5867999792098999,G,7,#377eb8,mixed
3857,8.788638888888888,30.2,13.0,G7,0.589900016784668,G,7,#377eb8,mixed
3858,9.020999999999999,30.0,14.0,G7,0.5932999849319458,G,7,#377eb8,mixed
3859,9.253361111111111,30.0,15.0,G7,0.5985999703407288,G,7,#377eb8,mixed
3860,9.485694444444444,30.0,16.0,G7,0.5999000072479248,G,7,#377eb8,mixed
3861,9.718055555555555,30.0,17.0,G7,0.6011000275611877,G,7,#377eb8,mixed
3862,9.950416666666667,30.1,18.0,G7,0.6039999723434448,G,7,#377eb8,mixed
3863,10.182777777777778,30.0,19.0,G7,0.6064000129699707,G,7,#377eb8,mixed
3864,10.415138888888889,29.9,20.0,G7,0.6092000007629395,G,7,#377eb8,mixed
3865,10.647472222222223,29.9,21.0,G7,0.6096000075340271,G,7,#377eb8,mixed
3866,10.879833333333334,30.2,22.0,G7,0.6122999787330627,G,7,#377eb8,mixed
3867,11.112194444444444,30.2,23.0,G7,0.6140000224113464,G,7,#377eb8,mixed
3868,11.344555555555557,30.2,24.0,G7,0.6154000163078308,G,7,#377eb8,mixed
3869,11.57688888888889,30.2,25.0,G7,0.6164000034332275,G,7,#377eb8,mixed
3870,11.80925,30.2,26.0,G7,0.6154000163078308,G,7,#377eb8,mixed
3871,0.0,30.0,1.0,G8,0.12269999831914902,G,8,#377eb8,mixed
3872,0.23247222222222222,30.1,2.0,G8,0.12520000338554382,G,8,#377eb8,mixed
3873,0.4649166666666667,30.2,3.0,G8,0.12540000677108765,G,8,#377eb8,mixed
3874,0.6973611111111111,30.0,4.0,G8,0.1273999959230423,G,8,#377eb8,mixed
3875,0.9908333333333333,30.0,1.0,G8,0.1265999972820282,G,8,#377eb8,mixed
3876,1.223277777777778,30.2,2.0,G8,0.12870000302791595,G,8,#377eb8,mixed
3877,1.455638888888889,30.1,3.0,G8,0.13279999792575836,G,8,#377eb8,mixed
3878,1.7777777777777777,30.1,1.0,G8,0.1509999930858612,G,8,#377eb8,mixed
3879,2.010222222222222,30.0,2.0,G8,0.1581999957561493,G,8,#377eb8,mixed
3880,2.2426944444444445,30.0,3.0,G8,0.16769999265670776,G,8,#377eb8,mixed
3881,2.475138888888889,29.9,4.0,G8,0.18129999935626984,G,8,#377eb8,mixed
3882,2.786388888888889,30.0,1.0,G8,0.18979999423027039,G,8,#377eb8,mixed
3883,3.0188333333333333,30.0,2.0,G8,0.20960000157356262,G,8,#377eb8,mixed
3884,3.252111111111111,29.9,3.0,G8,0.23229999840259552,G,8,#377eb8,mixed
3885,3.4845555555555556,30.1,4.0,G8,0.2567000091075897,G,8,#377eb8,mixed
3886,3.834722222222222,30.2,1.0,G8,0.2890999913215637,G,8,#377eb8,mixed
3887,4.067222222222222,30.2,2.0,G8,0.31619998812675476,G,8,#377eb8,mixed
3888,4.3005555555555555,30.2,3.0,G8,0.33899998664855957,G,8,#377eb8,mixed
3889,4.533055555555555,30.1,4.0,G8,0.359499990940094,G,8,#377eb8,mixed
3890,4.941388888888889,30.0,1.0,G8,0.40880000591278076,G,8,#377eb8,mixed
3891,5.1738333333333335,30.0,2.0,G8,0.43130001425743103,G,8,#377eb8,mixed
3892,5.407055555555556,30.1,3.0,G8,0.45210000872612,G,8,#377eb8,mixed
3893,5.639388888888889,30.2,4.0,G8,0.4697999954223633,G,8,#377eb8,mixed
3894,5.999444444444444,30.2,1.0,G8,0.4869000017642975,G,8,#377eb8,mixed
3895,6.231888888888888,30.1,2.0,G8,0.5005000233650208,G,8,#377eb8,mixed
3896,6.464222222222222,30.2,3.0,G8,0.5134999752044678,G,8,#377eb8,mixed
3897,6.697472222222222,30.1,4.0,G8,0.5264000296592712,G,8,#377eb8,mixed
3898,6.929805555555555,30.1,5.0,G8,0.5442000031471252,G,8,#377eb8,mixed
3899,7.162166666666667,30.2,6.0,G8,0.5536999702453613,G,8,#377eb8,mixed
3900,7.3945,30.3,7.0,G8,0.5608999729156494,G,8,#377eb8,mixed
3901,7.626861111111111,30.1,8.0,G8,0.5698999762535095,G,8,#377eb8,mixed
3902,7.859222222222223,30.1,9.0,G8,0.5746999979019165,G,8,#377eb8,mixed
3903,8.091583333333334,30.0,10.0,G8,0.5825999975204468,G,8,#377eb8,mixed
3904,8.323916666666666,30.1,11.0,G8,0.5878000259399414,G,8,#377eb8,mixed
3905,8.556277777777778,30.0,12.0,G8,0.589900016784668,G,8,#377eb8,mixed
3906,8.788638888888888,30.2,13.0,G8,0.5957000255584717,G,8,#377eb8,mixed
3907,9.020999999999999,30.0,14.0,G8,0.5989999771118164,G,8,#377eb8,mixed
3908,9.253361111111111,30.0,15.0,G8,0.6037999987602234,G,8,#377eb8,mixed
3909,9.485694444444444,30.0,16.0,G8,0.6065000295639038,G,8,#377eb8,mixed
3910,9.718055555555555,30.0,17.0,G8,0.6061000227928162,G,8,#377eb8,mixed
3911,9.950416666666667,30.1,18.0,G8,0.6086999773979187,G,8,#377eb8,mixed
3912,10.182777777777778,30.0,19.0,G8,0.6111000180244446,G,8,#377eb8,mixed
3913,10.415138888888889,29.9,20.0,G8,0.6140000224113464,G,8,#377eb8,mixed
3914,10.647472222222223,29.9,21.0,G8,0.6129000186920166,G,8,#377eb8,mixed
3915,10.879833333333334,30.2,22.0,G8,0.6165000200271606,G,8,#377eb8,mixed
3916,11.112194444444444,30.2,23.0,G8,0.6169000267982483,G,8,#377eb8,mixed
3917,11.344555555555557,30.2,24.0,G8,0.6191999912261963,G,8,#377eb8,mixed
3918,11.57688888888889,30.2,25.0,G8,0.6233000159263611,G,8,#377eb8,mixed
3919,11.80925,30.2,26.0,G8,0.6201000213623047,G,8,#377eb8,mixed
