,Time,Temp. [Â°C],Cycle Nr.,Well,OD,Row,Col,Strain,Color
0,0.0,30.0,1.0,A1,0.18539999425411224,A,1,JM109-GFP,#4daf4a
1,0.2325,30.0,2.0,A1,0.18860000371932983,A,1,JM109-GFP,#4daf4a
2,0.4658888888888889,30.1,3.0,A1,0.20090000331401825,A,1,JM109-GFP,#4daf4a
3,0.6983611111111111,30.3,4.0,A1,0.21379999816417694,A,1,JM109-GFP,#4daf4a
4,0.9822222222222222,30.0,1.0,A1,0.23720000684261322,A,1,JM109-GFP,#4daf4a
5,1.2147222222222223,30.0,2.0,A1,0.24889999628067017,A,1,JM109-GFP,#4daf4a
6,1.4480277777777777,30.0,3.0,A1,0.26339998841285706,A,1,JM109-GFP,#4daf4a
7,1.6805277777777776,30.2,4.0,A1,0.28119999170303345,A,1,JM109-GFP,#4daf4a
8,1.9797222222222222,30.1,1.0,A1,0.3068000078201294,A,1,JM109-GFP,#4daf4a
9,2.212222222222222,30.0,2.0,A1,0.32260000705718994,A,1,JM109-GFP,#4daf4a
10,2.4446944444444445,30.1,3.0,A1,0.34119999408721924,A,1,JM109-GFP,#4daf4a
11,2.6771944444444444,30.1,4.0,A1,0.3587000072002411,A,1,JM109-GFP,#4daf4a
12,2.9096666666666664,30.1,5.0,A1,0.3828999996185303,A,1,JM109-GFP,#4daf4a
13,3.2641666666666667,30.1,1.0,A1,0.4154999852180481,A,1,JM109-GFP,#4daf4a
14,3.496611111111111,30.2,2.0,A1,0.42899999022483826,A,1,JM109-GFP,#4daf4a
15,3.9097222222222223,30.2,1.0,A1,0.46619999408721924,A,1,JM109-GFP,#4daf4a
16,4.142166666666666,30.0,2.0,A1,0.47859999537467957,A,1,JM109-GFP,#4daf4a
17,4.375416666666666,30.1,3.0,A1,0.4934999942779541,A,1,JM109-GFP,#4daf4a
18,4.607805555555555,30.2,4.0,A1,0.5078999996185303,A,1,JM109-GFP,#4daf4a
19,4.840194444444444,30.1,5.0,A1,0.5162000060081482,A,1,JM109-GFP,#4daf4a
20,5.131388888888889,30.1,1.0,A1,0.531000018119812,A,1,JM109-GFP,#4daf4a
21,5.363833333333333,29.9,2.0,A1,0.5440999865531921,A,1,JM109-GFP,#4daf4a
22,5.597083333333333,30.0,3.0,A1,0.5529999732971191,A,1,JM109-GFP,#4daf4a
23,5.951388888888889,30.0,1.0,A1,0.5770999789237976,A,1,JM109-GFP,#4daf4a
24,6.183833333333333,29.9,2.0,A1,0.5848000049591064,A,1,JM109-GFP,#4daf4a
25,6.416222222222222,30.1,3.0,A1,0.5910000205039978,A,1,JM109-GFP,#4daf4a
26,6.649472222222222,30.1,4.0,A1,0.5982000231742859,A,1,JM109-GFP,#4daf4a
27,6.881833333333333,30.0,5.0,A1,0.6013000011444092,A,1,JM109-GFP,#4daf4a
28,7.11425,30.1,6.0,A1,0.607699990272522,A,1,JM109-GFP,#4daf4a
29,7.346638888888889,30.0,7.0,A1,0.6085000038146973,A,1,JM109-GFP,#4daf4a
30,7.627222222222223,30.0,1.0,A1,0.6340000033378601,A,1,JM109-GFP,#4daf4a
31,7.859666666666667,30.2,2.0,A1,0.6327000260353088,A,1,JM109-GFP,#4daf4a
32,8.092055555555556,30.2,3.0,A1,0.6341000199317932,A,1,JM109-GFP,#4daf4a
33,8.324555555555555,30.1,4.0,A1,0.6348000168800354,A,1,JM109-GFP,#4daf4a
34,8.556833333333334,30.0,5.0,A1,0.6363000273704529,A,1,JM109-GFP,#4daf4a
35,8.789222222222222,30.1,6.0,A1,0.6381000280380249,A,1,JM109-GFP,#4daf4a
36,9.21861111111111,30.2,1.0,A1,0.6208000183105469,A,1,JM109-GFP,#4daf4a
37,9.45111111111111,30.3,2.0,A1,0.6141999959945679,A,1,JM109-GFP,#4daf4a
38,9.68361111111111,30.0,3.0,A1,0.6147000193595886,A,1,JM109-GFP,#4daf4a
39,9.916138888888888,30.2,4.0,A1,0.6158999800682068,A,1,JM109-GFP,#4daf4a
40,0.0,30.0,1.0,A2,0.19290000200271606,A,2,JM109-GFP,#4daf4a
41,0.2325,30.0,2.0,A2,0.19509999454021454,A,2,JM109-GFP,#4daf4a
42,0.4658888888888889,30.1,3.0,A2,0.20180000364780426,A,2,JM109-GFP,#4daf4a
43,0.6983611111111111,30.3,4.0,A2,0.2167000025510788,A,2,JM109-GFP,#4daf4a
44,0.9822222222222222,30.0,1.0,A2,0.23989999294281006,A,2,JM109-GFP,#4daf4a
45,1.2147222222222223,30.0,2.0,A2,0.25429999828338623,A,2,JM109-GFP,#4daf4a
46,1.4480277777777777,30.0,3.0,A2,0.27000001072883606,A,2,JM109-GFP,#4daf4a
47,1.6805277777777776,30.2,4.0,A2,0.2847999930381775,A,2,JM109-GFP,#4daf4a
48,1.9797222222222222,30.1,1.0,A2,0.3059000074863434,A,2,JM109-GFP,#4daf4a
49,2.212222222222222,30.0,2.0,A2,0.3278999924659729,A,2,JM109-GFP,#4daf4a
50,2.4446944444444445,30.1,3.0,A2,0.34200000762939453,A,2,JM109-GFP,#4daf4a
51,2.6771944444444444,30.1,4.0,A2,0.3578999936580658,A,2,JM109-GFP,#4daf4a
52,2.9096666666666664,30.1,5.0,A2,0.38089999556541443,A,2,JM109-GFP,#4daf4a
53,3.2641666666666667,30.1,1.0,A2,0.4083999991416931,A,2,JM109-GFP,#4daf4a
54,3.496611111111111,30.2,2.0,A2,0.42340001463890076,A,2,JM109-GFP,#4daf4a
55,3.9097222222222223,30.2,1.0,A2,0.4648999869823456,A,2,JM109-GFP,#4daf4a
56,4.142166666666666,30.0,2.0,A2,0.4781000018119812,A,2,JM109-GFP,#4daf4a
57,4.375416666666666,30.1,3.0,A2,0.49619999527931213,A,2,JM109-GFP,#4daf4a
58,4.607805555555555,30.2,4.0,A2,0.510200023651123,A,2,JM109-GFP,#4daf4a
59,4.840194444444444,30.1,5.0,A2,0.5235999822616577,A,2,JM109-GFP,#4daf4a
60,5.131388888888889,30.1,1.0,A2,0.5383999943733215,A,2,JM109-GFP,#4daf4a
61,5.363833333333333,29.9,2.0,A2,0.554099977016449,A,2,JM109-GFP,#4daf4a
62,5.597083333333333,30.0,3.0,A2,0.5697000026702881,A,2,JM109-GFP,#4daf4a
63,5.951388888888889,30.0,1.0,A2,0.599399983882904,A,2,JM109-GFP,#4daf4a
64,6.183833333333333,29.9,2.0,A2,0.5939000248908997,A,2,JM109-GFP,#4daf4a
65,6.416222222222222,30.1,3.0,A2,0.6049000024795532,A,2,JM109-GFP,#4daf4a
66,6.649472222222222,30.1,4.0,A2,0.6159999966621399,A,2,JM109-GFP,#4daf4a
67,6.881833333333333,30.0,5.0,A2,0.6179999709129333,A,2,JM109-GFP,#4daf4a
68,7.11425,30.1,6.0,A2,0.6226999759674072,A,2,JM109-GFP,#4daf4a
69,7.346638888888889,30.0,7.0,A2,0.6265000104904175,A,2,JM109-GFP,#4daf4a
70,7.627222222222223,30.0,1.0,A2,0.6434999704360962,A,2,JM109-GFP,#4daf4a
71,7.859666666666667,30.2,2.0,A2,0.6462000012397766,A,2,JM109-GFP,#4daf4a
72,8.092055555555556,30.2,3.0,A2,0.6486999988555908,A,2,JM109-GFP,#4daf4a
73,8.324555555555555,30.1,4.0,A2,0.6495000123977661,A,2,JM109-GFP,#4daf4a
74,8.556833333333334,30.0,5.0,A2,0.6536999940872192,A,2,JM109-GFP,#4daf4a
75,8.789222222222222,30.1,6.0,A2,0.6550999879837036,A,2,JM109-GFP,#4daf4a
76,9.21861111111111,30.2,1.0,A2,0.6607000231742859,A,2,JM109-GFP,#4daf4a
77,9.45111111111111,30.3,2.0,A2,0.6499000191688538,A,2,JM109-GFP,#4daf4a
78,9.68361111111111,30.0,3.0,A2,0.6503000259399414,A,2,JM109-GFP,#4daf4a
79,9.916138888888888,30.2,4.0,A2,0.6507999897003174,A,2,JM109-GFP,#4daf4a
80,0.0,30.0,1.0,A3,0.1858000010251999,A,3,JM109-GFP,#4daf4a
81,0.2325,30.0,2.0,A3,0.1891999989748001,A,3,JM109-GFP,#4daf4a
82,0.4658888888888889,30.1,3.0,A3,0.1932000070810318,A,3,JM109-GFP,#4daf4a
83,0.6983611111111111,30.3,4.0,A3,0.20559999346733093,A,3,JM109-GFP,#4daf4a
84,0.9822222222222222,30.0,1.0,A3,0.2272000014781952,A,3,JM109-GFP,#4daf4a
85,1.2147222222222223,30.0,2.0,A3,0.23720000684261322,A,3,JM109-GFP,#4daf4a
86,1.4480277777777777,30.0,3.0,A3,0.250900000333786,A,3,JM109-GFP,#4daf4a
87,1.6805277777777776,30.2,4.0,A3,0.26170000433921814,A,3,JM109-GFP,#4daf4a
88,1.9797222222222222,30.1,1.0,A3,0.2847000062465668,A,3,JM109-GFP,#4daf4a
89,2.212222222222222,30.0,2.0,A3,0.30379998683929443,A,3,JM109-GFP,#4daf4a
90,2.4446944444444445,30.1,3.0,A3,0.3206000030040741,A,3,JM109-GFP,#4daf4a
91,2.6771944444444444,30.1,4.0,A3,0.3416000008583069,A,3,JM109-GFP,#4daf4a
92,2.9096666666666664,30.1,5.0,A3,0.3668999969959259,A,3,JM109-GFP,#4daf4a
93,3.2641666666666667,30.1,1.0,A3,0.3968000113964081,A,3,JM109-GFP,#4daf4a
94,3.496611111111111,30.2,2.0,A3,0.41839998960494995,A,3,JM109-GFP,#4daf4a
95,3.9097222222222223,30.2,1.0,A3,0.460099995136261,A,3,JM109-GFP,#4daf4a
96,4.142166666666666,30.0,2.0,A3,0.4788999855518341,A,3,JM109-GFP,#4daf4a
97,4.375416666666666,30.1,3.0,A3,0.49470001459121704,A,3,JM109-GFP,#4daf4a
98,4.607805555555555,30.2,4.0,A3,0.5131000280380249,A,3,JM109-GFP,#4daf4a
99,4.840194444444444,30.1,5.0,A3,0.5264999866485596,A,3,JM109-GFP,#4daf4a
100,5.131388888888889,30.1,1.0,A3,0.5465999841690063,A,3,JM109-GFP,#4daf4a
101,5.363833333333333,29.9,2.0,A3,0.5615000128746033,A,3,JM109-GFP,#4daf4a
102,5.597083333333333,30.0,3.0,A3,0.5763000249862671,A,3,JM109-GFP,#4daf4a
103,5.951388888888889,30.0,1.0,A3,0.5971999764442444,A,3,JM109-GFP,#4daf4a
104,6.183833333333333,29.9,2.0,A3,0.6051999926567078,A,3,JM109-GFP,#4daf4a
105,6.416222222222222,30.1,3.0,A3,0.6165000200271606,A,3,JM109-GFP,#4daf4a
106,6.649472222222222,30.1,4.0,A3,0.6241999864578247,A,3,JM109-GFP,#4daf4a
107,6.881833333333333,30.0,5.0,A3,0.6284000277519226,A,3,JM109-GFP,#4daf4a
108,7.11425,30.1,6.0,A3,0.6323999762535095,A,3,JM109-GFP,#4daf4a
109,7.346638888888889,30.0,7.0,A3,0.6365000009536743,A,3,JM109-GFP,#4daf4a
110,7.627222222222223,30.0,1.0,A3,0.6504999995231628,A,3,JM109-GFP,#4daf4a
111,7.859666666666667,30.2,2.0,A3,0.6510000228881836,A,3,JM109-GFP,#4daf4a
112,8.092055555555556,30.2,3.0,A3,0.6541000008583069,A,3,JM109-GFP,#4daf4a
113,8.324555555555555,30.1,4.0,A3,0.6564000248908997,A,3,JM109-GFP,#4daf4a
114,8.556833333333334,30.0,5.0,A3,0.659600019454956,A,3,JM109-GFP,#4daf4a
115,8.789222222222222,30.1,6.0,A3,0.6614000201225281,A,3,JM109-GFP,#4daf4a
116,9.21861111111111,30.2,1.0,A3,0.654699981212616,A,3,JM109-GFP,#4daf4a
117,9.45111111111111,30.3,2.0,A3,0.6557000279426575,A,3,JM109-GFP,#4daf4a
118,9.68361111111111,30.0,3.0,A3,0.6550999879837036,A,3,JM109-GFP,#4daf4a
119,9.916138888888888,30.2,4.0,A3,0.6561999917030334,A,3,JM109-GFP,#4daf4a
480,0.0,30.0,1.0,B1,0.18960000574588776,B,1,JM109-GFP,#4daf4a
481,0.2325,30.0,2.0,B1,0.19349999725818634,B,1,JM109-GFP,#4daf4a
482,0.4658888888888889,30.1,3.0,B1,0.1979999989271164,B,1,JM109-GFP,#4daf4a
483,0.6983611111111111,30.3,4.0,B1,0.21089999377727509,B,1,JM109-GFP,#4daf4a
484,0.9822222222222222,30.0,1.0,B1,0.22529999911785126,B,1,JM109-GFP,#4daf4a
485,1.2147222222222223,30.0,2.0,B1,0.2379000037908554,B,1,JM109-GFP,#4daf4a
486,1.4480277777777777,30.0,3.0,B1,0.24789999425411224,B,1,JM109-GFP,#4daf4a
487,1.6805277777777776,30.2,4.0,B1,0.2621999979019165,B,1,JM109-GFP,#4daf4a
488,1.9797222222222222,30.1,1.0,B1,0.2872999906539917,B,1,JM109-GFP,#4daf4a
489,2.212222222222222,30.0,2.0,B1,0.30640000104904175,B,1,JM109-GFP,#4daf4a
490,2.4446944444444445,30.1,3.0,B1,0.32580000162124634,B,1,JM109-GFP,#4daf4a
491,2.6771944444444444,30.1,4.0,B1,0.3402000069618225,B,1,JM109-GFP,#4daf4a
492,2.9096666666666664,30.1,5.0,B1,0.35659998655319214,B,1,JM109-GFP,#4daf4a
493,3.2641666666666667,30.1,1.0,B1,0.3808000087738037,B,1,JM109-GFP,#4daf4a
494,3.496611111111111,30.2,2.0,B1,0.3977999985218048,B,1,JM109-GFP,#4daf4a
495,3.9097222222222223,30.2,1.0,B1,0.4343000054359436,B,1,JM109-GFP,#4daf4a
496,4.142166666666666,30.0,2.0,B1,0.4507000148296356,B,1,JM109-GFP,#4daf4a
497,4.375416666666666,30.1,3.0,B1,0.4636000096797943,B,1,JM109-GFP,#4daf4a
498,4.607805555555555,30.2,4.0,B1,0.47690001130104065,B,1,JM109-GFP,#4daf4a
499,4.840194444444444,30.1,5.0,B1,0.4876999855041504,B,1,JM109-GFP,#4daf4a
500,5.131388888888889,30.1,1.0,B1,0.5149999856948853,B,1,JM109-GFP,#4daf4a
501,5.363833333333333,29.9,2.0,B1,0.5220000147819519,B,1,JM109-GFP,#4daf4a
502,5.597083333333333,30.0,3.0,B1,0.544700026512146,B,1,JM109-GFP,#4daf4a
503,5.951388888888889,30.0,1.0,B1,0.560699999332428,B,1,JM109-GFP,#4daf4a
504,6.183833333333333,29.9,2.0,B1,0.5713000297546387,B,1,JM109-GFP,#4daf4a
505,6.416222222222222,30.1,3.0,B1,0.5810999870300293,B,1,JM109-GFP,#4daf4a
506,6.649472222222222,30.1,4.0,B1,0.5899999737739563,B,1,JM109-GFP,#4daf4a
507,6.881833333333333,30.0,5.0,B1,0.5903000235557556,B,1,JM109-GFP,#4daf4a
508,7.11425,30.1,6.0,B1,0.6007999777793884,B,1,JM109-GFP,#4daf4a
509,7.346638888888889,30.0,7.0,B1,0.5964000225067139,B,1,JM109-GFP,#4daf4a
510,7.627222222222223,30.0,1.0,B1,0.612500011920929,B,1,JM109-GFP,#4daf4a
511,7.859666666666667,30.2,2.0,B1,0.6144999861717224,B,1,JM109-GFP,#4daf4a
512,8.092055555555556,30.2,3.0,B1,0.6129000186920166,B,1,JM109-GFP,#4daf4a
513,8.324555555555555,30.1,4.0,B1,0.6176999807357788,B,1,JM109-GFP,#4daf4a
514,8.556833333333334,30.0,5.0,B1,0.6182000041007996,B,1,JM109-GFP,#4daf4a
515,8.789222222222222,30.1,6.0,B1,0.6218000054359436,B,1,JM109-GFP,#4daf4a
516,9.21861111111111,30.2,1.0,B1,0.6164000034332275,B,1,JM109-GFP,#4daf4a
517,9.45111111111111,30.3,2.0,B1,0.616100013256073,B,1,JM109-GFP,#4daf4a
518,9.68361111111111,30.0,3.0,B1,0.6154999732971191,B,1,JM109-GFP,#4daf4a
519,9.916138888888888,30.2,4.0,B1,0.6182000041007996,B,1,JM109-GFP,#4daf4a
520,0.0,30.0,1.0,B2,0.19550000131130219,B,2,JM109-GFP,#4daf4a
521,0.2325,30.0,2.0,B2,0.19990000128746033,B,2,JM109-GFP,#4daf4a
522,0.4658888888888889,30.1,3.0,B2,0.20499999821186066,B,2,JM109-GFP,#4daf4a
523,0.6983611111111111,30.3,4.0,B2,0.21629999577999115,B,2,JM109-GFP,#4daf4a
524,0.9822222222222222,30.0,1.0,B2,0.23669999837875366,B,2,JM109-GFP,#4daf4a
525,1.2147222222222223,30.0,2.0,B2,0.2506999969482422,B,2,JM109-GFP,#4daf4a
526,1.4480277777777777,30.0,3.0,B2,0.258899986743927,B,2,JM109-GFP,#4daf4a
527,1.6805277777777776,30.2,4.0,B2,0.27320000529289246,B,2,JM109-GFP,#4daf4a
528,1.9797222222222222,30.1,1.0,B2,0.2976999878883362,B,2,JM109-GFP,#4daf4a
529,2.212222222222222,30.0,2.0,B2,0.3192000091075897,B,2,JM109-GFP,#4daf4a
530,2.4446944444444445,30.1,3.0,B2,0.3343999981880188,B,2,JM109-GFP,#4daf4a
531,2.6771944444444444,30.1,4.0,B2,0.35190001130104065,B,2,JM109-GFP,#4daf4a
532,2.9096666666666664,30.1,5.0,B2,0.373199999332428,B,2,JM109-GFP,#4daf4a
533,3.2641666666666667,30.1,1.0,B2,0.39890000224113464,B,2,JM109-GFP,#4daf4a
534,3.496611111111111,30.2,2.0,B2,0.41530001163482666,B,2,JM109-GFP,#4daf4a
535,3.9097222222222223,30.2,1.0,B2,0.44609999656677246,B,2,JM109-GFP,#4daf4a
536,4.142166666666666,30.0,2.0,B2,0.46470001339912415,B,2,JM109-GFP,#4daf4a
537,4.375416666666666,30.1,3.0,B2,0.47929999232292175,B,2,JM109-GFP,#4daf4a
538,4.607805555555555,30.2,4.0,B2,0.49380001425743103,B,2,JM109-GFP,#4daf4a
539,4.840194444444444,30.1,5.0,B2,0.5063999891281128,B,2,JM109-GFP,#4daf4a
540,5.131388888888889,30.1,1.0,B2,0.5422999858856201,B,2,JM109-GFP,#4daf4a
541,5.363833333333333,29.9,2.0,B2,0.5425000190734863,B,2,JM109-GFP,#4daf4a
542,5.597083333333333,30.0,3.0,B2,0.5633999705314636,B,2,JM109-GFP,#4daf4a
543,5.951388888888889,30.0,1.0,B2,0.5821999907493591,B,2,JM109-GFP,#4daf4a
544,6.183833333333333,29.9,2.0,B2,0.5846999883651733,B,2,JM109-GFP,#4daf4a
545,6.416222222222222,30.1,3.0,B2,0.5974000096321106,B,2,JM109-GFP,#4daf4a
546,6.649472222222222,30.1,4.0,B2,0.6022999882698059,B,2,JM109-GFP,#4daf4a
547,6.881833333333333,30.0,5.0,B2,0.6089000105857849,B,2,JM109-GFP,#4daf4a
548,7.11425,30.1,6.0,B2,0.614300012588501,B,2,JM109-GFP,#4daf4a
549,7.346638888888889,30.0,7.0,B2,0.6234999895095825,B,2,JM109-GFP,#4daf4a
550,7.627222222222223,30.0,1.0,B2,0.632099986076355,B,2,JM109-GFP,#4daf4a
551,7.859666666666667,30.2,2.0,B2,0.6365000009536743,B,2,JM109-GFP,#4daf4a
552,8.092055555555556,30.2,3.0,B2,0.6355999708175659,B,2,JM109-GFP,#4daf4a
553,8.324555555555555,30.1,4.0,B2,0.6376000046730042,B,2,JM109-GFP,#4daf4a
554,8.556833333333334,30.0,5.0,B2,0.6430000066757202,B,2,JM109-GFP,#4daf4a
555,8.789222222222222,30.1,6.0,B2,0.6424999833106995,B,2,JM109-GFP,#4daf4a
556,9.21861111111111,30.2,1.0,B2,0.635200023651123,B,2,JM109-GFP,#4daf4a
557,9.45111111111111,30.3,2.0,B2,0.6330999732017517,B,2,JM109-GFP,#4daf4a
558,9.68361111111111,30.0,3.0,B2,0.6341999769210815,B,2,JM109-GFP,#4daf4a
559,9.916138888888888,30.2,4.0,B2,0.6353999972343445,B,2,JM109-GFP,#4daf4a
560,0.0,30.0,1.0,B3,0.195700004696846,B,3,JM109-GFP,#4daf4a
561,0.2325,30.0,2.0,B3,0.20000000298023224,B,3,JM109-GFP,#4daf4a
562,0.4658888888888889,30.1,3.0,B3,0.21170000731945038,B,3,JM109-GFP,#4daf4a
563,0.6983611111111111,30.3,4.0,B3,0.2248000055551529,B,3,JM109-GFP,#4daf4a
564,0.9822222222222222,30.0,1.0,B3,0.24040000140666962,B,3,JM109-GFP,#4daf4a
565,1.2147222222222223,30.0,2.0,B3,0.2540000081062317,B,3,JM109-GFP,#4daf4a
566,1.4480277777777777,30.0,3.0,B3,0.2685999870300293,B,3,JM109-GFP,#4daf4a
567,1.6805277777777776,30.2,4.0,B3,0.2833999991416931,B,3,JM109-GFP,#4daf4a
568,1.9797222222222222,30.1,1.0,B3,0.2985999882221222,B,3,JM109-GFP,#4daf4a
569,2.212222222222222,30.0,2.0,B3,0.322299987077713,B,3,JM109-GFP,#4daf4a
570,2.4446944444444445,30.1,3.0,B3,0.336899995803833,B,3,JM109-GFP,#4daf4a
571,2.6771944444444444,30.1,4.0,B3,0.3546000123023987,B,3,JM109-GFP,#4daf4a
572,2.9096666666666664,30.1,5.0,B3,0.3756999969482422,B,3,JM109-GFP,#4daf4a
573,3.2641666666666667,30.1,1.0,B3,0.40959998965263367,B,3,JM109-GFP,#4daf4a
574,3.496611111111111,30.2,2.0,B3,0.42980000376701355,B,3,JM109-GFP,#4daf4a
575,3.9097222222222223,30.2,1.0,B3,0.45989999175071716,B,3,JM109-GFP,#4daf4a
576,4.142166666666666,30.0,2.0,B3,0.4796999990940094,B,3,JM109-GFP,#4daf4a
577,4.375416666666666,30.1,3.0,B3,0.49309998750686646,B,3,JM109-GFP,#4daf4a
578,4.607805555555555,30.2,4.0,B3,0.5023000240325928,B,3,JM109-GFP,#4daf4a
579,4.840194444444444,30.1,5.0,B3,0.5138000249862671,B,3,JM109-GFP,#4daf4a
580,5.131388888888889,30.1,1.0,B3,0.5351999998092651,B,3,JM109-GFP,#4daf4a
581,5.363833333333333,29.9,2.0,B3,0.5507000088691711,B,3,JM109-GFP,#4daf4a
582,5.597083333333333,30.0,3.0,B3,0.5665000081062317,B,3,JM109-GFP,#4daf4a
583,5.951388888888889,30.0,1.0,B3,0.582099974155426,B,3,JM109-GFP,#4daf4a
584,6.183833333333333,29.9,2.0,B3,0.5964000225067139,B,3,JM109-GFP,#4daf4a
585,6.416222222222222,30.1,3.0,B3,0.6107000112533569,B,3,JM109-GFP,#4daf4a
586,6.649472222222222,30.1,4.0,B3,0.6123999953269958,B,3,JM109-GFP,#4daf4a
587,6.881833333333333,30.0,5.0,B3,0.6205000281333923,B,3,JM109-GFP,#4daf4a
588,7.11425,30.1,6.0,B3,0.6276999711990356,B,3,JM109-GFP,#4daf4a
589,7.346638888888889,30.0,7.0,B3,0.6295999884605408,B,3,JM109-GFP,#4daf4a
590,7.627222222222223,30.0,1.0,B3,0.6425999999046326,B,3,JM109-GFP,#4daf4a
591,7.859666666666667,30.2,2.0,B3,0.6456000208854675,B,3,JM109-GFP,#4daf4a
592,8.092055555555556,30.2,3.0,B3,0.6467999815940857,B,3,JM109-GFP,#4daf4a
593,8.324555555555555,30.1,4.0,B3,0.6481999754905701,B,3,JM109-GFP,#4daf4a
594,8.556833333333334,30.0,5.0,B3,0.6509000062942505,B,3,JM109-GFP,#4daf4a
595,8.789222222222222,30.1,6.0,B3,0.6535000205039978,B,3,JM109-GFP,#4daf4a
596,9.21861111111111,30.2,1.0,B3,0.6510000228881836,B,3,JM109-GFP,#4daf4a
597,9.45111111111111,30.3,2.0,B3,0.6492999792098999,B,3,JM109-GFP,#4daf4a
598,9.68361111111111,30.0,3.0,B3,0.6506999731063843,B,3,JM109-GFP,#4daf4a
599,9.916138888888888,30.2,4.0,B3,0.6521000266075134,B,3,JM109-GFP,#4daf4a
600,0.0,30.0,1.0,B4,0.18970000743865967,B,4,JM109-GFP,#4daf4a
601,0.2325,30.0,2.0,B4,0.19509999454021454,B,4,JM109-GFP,#4daf4a
602,0.4658888888888889,30.1,3.0,B4,0.2012999951839447,B,4,JM109-GFP,#4daf4a
603,0.6983611111111111,30.3,4.0,B4,0.21119999885559082,B,4,JM109-GFP,#4daf4a
604,0.9822222222222222,30.0,1.0,B4,0.22439999878406525,B,4,JM109-GFP,#4daf4a
605,1.2147222222222223,30.0,2.0,B4,0.2379000037908554,B,4,JM109-GFP,#4daf4a
606,1.4480277777777777,30.0,3.0,B4,0.2498999983072281,B,4,JM109-GFP,#4daf4a
607,1.6805277777777776,30.2,4.0,B4,0.26409998536109924,B,4,JM109-GFP,#4daf4a
608,1.9797222222222222,30.1,1.0,B4,0.28700000047683716,B,4,JM109-GFP,#4daf4a
609,2.212222222222222,30.0,2.0,B4,0.3077999949455261,B,4,JM109-GFP,#4daf4a
610,2.4446944444444445,30.1,3.0,B4,0.320499986410141,B,4,JM109-GFP,#4daf4a
611,2.6771944444444444,30.1,4.0,B4,0.3398999869823456,B,4,JM109-GFP,#4daf4a
612,2.9096666666666664,30.1,5.0,B4,0.3578000068664551,B,4,JM109-GFP,#4daf4a
613,3.2641666666666667,30.1,1.0,B4,0.38850000500679016,B,4,JM109-GFP,#4daf4a
614,3.496611111111111,30.2,2.0,B4,0.40950000286102295,B,4,JM109-GFP,#4daf4a
615,3.9097222222222223,30.2,1.0,B4,0.4440999925136566,B,4,JM109-GFP,#4daf4a
616,4.142166666666666,30.0,2.0,B4,0.4645000100135803,B,4,JM109-GFP,#4daf4a
617,4.375416666666666,30.1,3.0,B4,0.4821000099182129,B,4,JM109-GFP,#4daf4a
618,4.607805555555555,30.2,4.0,B4,0.4943999946117401,B,4,JM109-GFP,#4daf4a
619,4.840194444444444,30.1,5.0,B4,0.5078999996185303,B,4,JM109-GFP,#4daf4a
620,5.131388888888889,30.1,1.0,B4,0.5213000178337097,B,4,JM109-GFP,#4daf4a
621,5.363833333333333,29.9,2.0,B4,0.5376999974250793,B,4,JM109-GFP,#4daf4a
622,5.597083333333333,30.0,3.0,B4,0.5529000163078308,B,4,JM109-GFP,#4daf4a
623,5.951388888888889,30.0,1.0,B4,0.5720000267028809,B,4,JM109-GFP,#4daf4a
624,6.183833333333333,29.9,2.0,B4,0.582099974155426,B,4,JM109-GFP,#4daf4a
625,6.416222222222222,30.1,3.0,B4,0.5938000082969666,B,4,JM109-GFP,#4daf4a
626,6.649472222222222,30.1,4.0,B4,0.6019999980926514,B,4,JM109-GFP,#4daf4a
627,6.881833333333333,30.0,5.0,B4,0.6068999767303467,B,4,JM109-GFP,#4daf4a
628,7.11425,30.1,6.0,B4,0.6132000088691711,B,4,JM109-GFP,#4daf4a
629,7.346638888888889,30.0,7.0,B4,0.6164000034332275,B,4,JM109-GFP,#4daf4a
630,7.627222222222223,30.0,1.0,B4,0.6259999871253967,B,4,JM109-GFP,#4daf4a
631,7.859666666666667,30.2,2.0,B4,0.6295999884605408,B,4,JM109-GFP,#4daf4a
632,8.092055555555556,30.2,3.0,B4,0.6305000185966492,B,4,JM109-GFP,#4daf4a
633,8.324555555555555,30.1,4.0,B4,0.6331999897956848,B,4,JM109-GFP,#4daf4a
634,8.556833333333334,30.0,5.0,B4,0.6353999972343445,B,4,JM109-GFP,#4daf4a
635,8.789222222222222,30.1,6.0,B4,0.6385999917984009,B,4,JM109-GFP,#4daf4a
636,9.21861111111111,30.2,1.0,B4,0.644599974155426,B,4,JM109-GFP,#4daf4a
637,9.45111111111111,30.3,2.0,B4,0.6394000053405762,B,4,JM109-GFP,#4daf4a
638,9.68361111111111,30.0,3.0,B4,0.6409000158309937,B,4,JM109-GFP,#4daf4a
639,9.916138888888888,30.2,4.0,B4,0.6417999863624573,B,4,JM109-GFP,#4daf4a
960,0.0,30.0,1.0,C1,0.18559999763965607,C,1,JM109-GFP,#4daf4a
961,0.2325,30.0,2.0,C1,0.1873999983072281,C,1,JM109-GFP,#4daf4a
962,0.4658888888888889,30.1,3.0,C1,0.1940000057220459,C,1,JM109-GFP,#4daf4a
963,0.6983611111111111,30.3,4.0,C1,0.20640000700950623,C,1,JM109-GFP,#4daf4a
964,0.9822222222222222,30.0,1.0,C1,0.22519999742507935,C,1,JM109-GFP,#4daf4a
965,1.2147222222222223,30.0,2.0,C1,0.23849999904632568,C,1,JM109-GFP,#4daf4a
966,1.4480277777777777,30.0,3.0,C1,0.25099998712539673,C,1,JM109-GFP,#4daf4a
967,1.6805277777777776,30.2,4.0,C1,0.2639999985694885,C,1,JM109-GFP,#4daf4a
968,1.9797222222222222,30.1,1.0,C1,0.2849000096321106,C,1,JM109-GFP,#4daf4a
969,2.212222222222222,30.0,2.0,C1,0.30489999055862427,C,1,JM109-GFP,#4daf4a
970,2.4446944444444445,30.1,3.0,C1,0.31940001249313354,C,1,JM109-GFP,#4daf4a
971,2.6771944444444444,30.1,4.0,C1,0.3384999930858612,C,1,JM109-GFP,#4daf4a
972,2.9096666666666664,30.1,5.0,C1,0.35690000653266907,C,1,JM109-GFP,#4daf4a
973,3.2641666666666667,30.1,1.0,C1,0.38199999928474426,C,1,JM109-GFP,#4daf4a
974,3.496611111111111,30.2,2.0,C1,0.4000000059604645,C,1,JM109-GFP,#4daf4a
975,3.9097222222222223,30.2,1.0,C1,0.43380001187324524,C,1,JM109-GFP,#4daf4a
976,4.142166666666666,30.0,2.0,C1,0.45190000534057617,C,1,JM109-GFP,#4daf4a
977,4.375416666666666,30.1,3.0,C1,0.4661000072956085,C,1,JM109-GFP,#4daf4a
978,4.607805555555555,30.2,4.0,C1,0.47999998927116394,C,1,JM109-GFP,#4daf4a
979,4.840194444444444,30.1,5.0,C1,0.4909000098705292,C,1,JM109-GFP,#4daf4a
980,5.131388888888889,30.1,1.0,C1,0.5213000178337097,C,1,JM109-GFP,#4daf4a
981,5.363833333333333,29.9,2.0,C1,0.5256999731063843,C,1,JM109-GFP,#4daf4a
982,5.597083333333333,30.0,3.0,C1,0.5437999963760376,C,1,JM109-GFP,#4daf4a
983,5.951388888888889,30.0,1.0,C1,0.5774999856948853,C,1,JM109-GFP,#4daf4a
984,6.183833333333333,29.9,2.0,C1,0.5751000046730042,C,1,JM109-GFP,#4daf4a
985,6.416222222222222,30.1,3.0,C1,0.5843999981880188,C,1,JM109-GFP,#4daf4a
986,6.649472222222222,30.1,4.0,C1,0.593999981880188,C,1,JM109-GFP,#4daf4a
987,6.881833333333333,30.0,5.0,C1,0.5992000102996826,C,1,JM109-GFP,#4daf4a
988,7.11425,30.1,6.0,C1,0.6022999882698059,C,1,JM109-GFP,#4daf4a
989,7.346638888888889,30.0,7.0,C1,0.6032000184059143,C,1,JM109-GFP,#4daf4a
990,7.627222222222223,30.0,1.0,C1,0.6140000224113464,C,1,JM109-GFP,#4daf4a
991,7.859666666666667,30.2,2.0,C1,0.6165000200271606,C,1,JM109-GFP,#4daf4a
992,8.092055555555556,30.2,3.0,C1,0.6182000041007996,C,1,JM109-GFP,#4daf4a
993,8.324555555555555,30.1,4.0,C1,0.6197999715805054,C,1,JM109-GFP,#4daf4a
994,8.556833333333334,30.0,5.0,C1,0.6223999857902527,C,1,JM109-GFP,#4daf4a
995,8.789222222222222,30.1,6.0,C1,0.626800000667572,C,1,JM109-GFP,#4daf4a
996,9.21861111111111,30.2,1.0,C1,0.6198999881744385,C,1,JM109-GFP,#4daf4a
997,9.45111111111111,30.3,2.0,C1,0.6159999966621399,C,1,JM109-GFP,#4daf4a
998,9.68361111111111,30.0,3.0,C1,0.6176999807357788,C,1,JM109-GFP,#4daf4a
999,9.916138888888888,30.2,4.0,C1,0.6180999875068665,C,1,JM109-GFP,#4daf4a
1000,0.0,30.0,1.0,C2,0.1923999935388565,C,2,JM109-GFP,#4daf4a
1001,0.2325,30.0,2.0,C2,0.19249999523162842,C,2,JM109-GFP,#4daf4a
1002,0.4658888888888889,30.1,3.0,C2,0.19830000400543213,C,2,JM109-GFP,#4daf4a
1003,0.6983611111111111,30.3,4.0,C2,0.20900000631809235,C,2,JM109-GFP,#4daf4a
1004,0.9822222222222222,30.0,1.0,C2,0.23149999976158142,C,2,JM109-GFP,#4daf4a
1005,1.2147222222222223,30.0,2.0,C2,0.243599995970726,C,2,JM109-GFP,#4daf4a
1006,1.4480277777777777,30.0,3.0,C2,0.2612000107765198,C,2,JM109-GFP,#4daf4a
1007,1.6805277777777776,30.2,4.0,C2,0.2736000120639801,C,2,JM109-GFP,#4daf4a
1008,1.9797222222222222,30.1,1.0,C2,0.29910001158714294,C,2,JM109-GFP,#4daf4a
1009,2.212222222222222,30.0,2.0,C2,0.32339999079704285,C,2,JM109-GFP,#4daf4a
1010,2.4446944444444445,30.1,3.0,C2,0.337799996137619,C,2,JM109-GFP,#4daf4a
1011,2.6771944444444444,30.1,4.0,C2,0.358599990606308,C,2,JM109-GFP,#4daf4a
1012,2.9096666666666664,30.1,5.0,C2,0.38089999556541443,C,2,JM109-GFP,#4daf4a
1013,3.2641666666666667,30.1,1.0,C2,0.4018000066280365,C,2,JM109-GFP,#4daf4a
1014,3.496611111111111,30.2,2.0,C2,0.4203999936580658,C,2,JM109-GFP,#4daf4a
1015,3.9097222222222223,30.2,1.0,C2,0.4528000056743622,C,2,JM109-GFP,#4daf4a
1016,4.142166666666666,30.0,2.0,C2,0.46950000524520874,C,2,JM109-GFP,#4daf4a
1017,4.375416666666666,30.1,3.0,C2,0.48080000281333923,C,2,JM109-GFP,#4daf4a
1018,4.607805555555555,30.2,4.0,C2,0.4977000057697296,C,2,JM109-GFP,#4daf4a
1019,4.840194444444444,30.1,5.0,C2,0.5088000297546387,C,2,JM109-GFP,#4daf4a
1020,5.131388888888889,30.1,1.0,C2,0.5252000093460083,C,2,JM109-GFP,#4daf4a
1021,5.363833333333333,29.9,2.0,C2,0.5411999821662903,C,2,JM109-GFP,#4daf4a
1022,5.597083333333333,30.0,3.0,C2,0.555899977684021,C,2,JM109-GFP,#4daf4a
1023,5.951388888888889,30.0,1.0,C2,0.5666999816894531,C,2,JM109-GFP,#4daf4a
1024,6.183833333333333,29.9,2.0,C2,0.5799000263214111,C,2,JM109-GFP,#4daf4a
1025,6.416222222222222,30.1,3.0,C2,0.5949000120162964,C,2,JM109-GFP,#4daf4a
1026,6.649472222222222,30.1,4.0,C2,0.597100019454956,C,2,JM109-GFP,#4daf4a
1027,6.881833333333333,30.0,5.0,C2,0.6040999889373779,C,2,JM109-GFP,#4daf4a
1028,7.11425,30.1,6.0,C2,0.6139000058174133,C,2,JM109-GFP,#4daf4a
1029,7.346638888888889,30.0,7.0,C2,0.6176999807357788,C,2,JM109-GFP,#4daf4a
1030,7.627222222222223,30.0,1.0,C2,0.6244999766349792,C,2,JM109-GFP,#4daf4a
1031,7.859666666666667,30.2,2.0,C2,0.6270999908447266,C,2,JM109-GFP,#4daf4a
1032,8.092055555555556,30.2,3.0,C2,0.6291999816894531,C,2,JM109-GFP,#4daf4a
1033,8.324555555555555,30.1,4.0,C2,0.6297000050544739,C,2,JM109-GFP,#4daf4a
1034,8.556833333333334,30.0,5.0,C2,0.6317999958992004,C,2,JM109-GFP,#4daf4a
1035,8.789222222222222,30.1,6.0,C2,0.6349999904632568,C,2,JM109-GFP,#4daf4a
1036,9.21861111111111,30.2,1.0,C2,0.633899986743927,C,2,JM109-GFP,#4daf4a
1037,9.45111111111111,30.3,2.0,C2,0.633899986743927,C,2,JM109-GFP,#4daf4a
1038,9.68361111111111,30.0,3.0,C2,0.6348000168800354,C,2,JM109-GFP,#4daf4a
1039,9.916138888888888,30.2,4.0,C2,0.635699987411499,C,2,JM109-GFP,#4daf4a
1040,0.0,30.0,1.0,C3,0.19499999284744263,C,3,JM109-GFP,#4daf4a
1041,0.2325,30.0,2.0,C3,0.1923999935388565,C,3,JM109-GFP,#4daf4a
1042,0.4658888888888889,30.1,3.0,C3,0.2020999938249588,C,3,JM109-GFP,#4daf4a
1043,0.6983611111111111,30.3,4.0,C3,0.20880000293254852,C,3,JM109-GFP,#4daf4a
1044,0.9822222222222222,30.0,1.0,C3,0.2361000031232834,C,3,JM109-GFP,#4daf4a
1045,1.2147222222222223,30.0,2.0,C3,0.24650000035762787,C,3,JM109-GFP,#4daf4a
1046,1.4480277777777777,30.0,3.0,C3,0.2646999955177307,C,3,JM109-GFP,#4daf4a
1047,1.6805277777777776,30.2,4.0,C3,0.2793000042438507,C,3,JM109-GFP,#4daf4a
1048,1.9797222222222222,30.1,1.0,C3,0.29600000381469727,C,3,JM109-GFP,#4daf4a
1049,2.212222222222222,30.0,2.0,C3,0.3176000118255615,C,3,JM109-GFP,#4daf4a
1050,2.4446944444444445,30.1,3.0,C3,0.33660000562667847,C,3,JM109-GFP,#4daf4a
1051,2.6771944444444444,30.1,4.0,C3,0.3587000072002411,C,3,JM109-GFP,#4daf4a
1052,2.9096666666666664,30.1,5.0,C3,0.3767000138759613,C,3,JM109-GFP,#4daf4a
1053,3.2641666666666667,30.1,1.0,C3,0.39910000562667847,C,3,JM109-GFP,#4daf4a
1054,3.496611111111111,30.2,2.0,C3,0.42309999465942383,C,3,JM109-GFP,#4daf4a
1055,3.9097222222222223,30.2,1.0,C3,0.45739999413490295,C,3,JM109-GFP,#4daf4a
1056,4.142166666666666,30.0,2.0,C3,0.4713999927043915,C,3,JM109-GFP,#4daf4a
1057,4.375416666666666,30.1,3.0,C3,0.48350000381469727,C,3,JM109-GFP,#4daf4a
1058,4.607805555555555,30.2,4.0,C3,0.4977000057697296,C,3,JM109-GFP,#4daf4a
1059,4.840194444444444,30.1,5.0,C3,0.5126000046730042,C,3,JM109-GFP,#4daf4a
1060,5.131388888888889,30.1,1.0,C3,0.5242000222206116,C,3,JM109-GFP,#4daf4a
1061,5.363833333333333,29.9,2.0,C3,0.5371000170707703,C,3,JM109-GFP,#4daf4a
1062,5.597083333333333,30.0,3.0,C3,0.5532000064849854,C,3,JM109-GFP,#4daf4a
1063,5.951388888888889,30.0,1.0,C3,0.5659000277519226,C,3,JM109-GFP,#4daf4a
1064,6.183833333333333,29.9,2.0,C3,0.580299973487854,C,3,JM109-GFP,#4daf4a
1065,6.416222222222222,30.1,3.0,C3,0.5924000144004822,C,3,JM109-GFP,#4daf4a
1066,6.649472222222222,30.1,4.0,C3,0.6003999710083008,C,3,JM109-GFP,#4daf4a
1067,6.881833333333333,30.0,5.0,C3,0.6069999933242798,C,3,JM109-GFP,#4daf4a
1068,7.11425,30.1,6.0,C3,0.6103000044822693,C,3,JM109-GFP,#4daf4a
1069,7.346638888888889,30.0,7.0,C3,0.6096000075340271,C,3,JM109-GFP,#4daf4a
1070,7.627222222222223,30.0,1.0,C3,0.6209999918937683,C,3,JM109-GFP,#4daf4a
1071,7.859666666666667,30.2,2.0,C3,0.6338000297546387,C,3,JM109-GFP,#4daf4a
1072,8.092055555555556,30.2,3.0,C3,0.635699987411499,C,3,JM109-GFP,#4daf4a
1073,8.324555555555555,30.1,4.0,C3,0.6348000168800354,C,3,JM109-GFP,#4daf4a
1074,8.556833333333334,30.0,5.0,C3,0.6345000267028809,C,3,JM109-GFP,#4daf4a
1075,8.789222222222222,30.1,6.0,C3,0.6347000002861023,C,3,JM109-GFP,#4daf4a
1076,9.21861111111111,30.2,1.0,C3,0.6444000005722046,C,3,JM109-GFP,#4daf4a
1077,9.45111111111111,30.3,2.0,C3,0.6450999975204468,C,3,JM109-GFP,#4daf4a
1078,9.68361111111111,30.0,3.0,C3,0.6337000131607056,C,3,JM109-GFP,#4daf4a
1079,9.916138888888888,30.2,4.0,C3,0.6312999725341797,C,3,JM109-GFP,#4daf4a
1080,0.0,30.0,1.0,C4,0.1867000013589859,C,4,JM109-GFP,#4daf4a
1081,0.2325,30.0,2.0,C4,0.188400000333786,C,4,JM109-GFP,#4daf4a
1082,0.4658888888888889,30.1,3.0,C4,0.19699999690055847,C,4,JM109-GFP,#4daf4a
1083,0.6983611111111111,30.3,4.0,C4,0.20600000023841858,C,4,JM109-GFP,#4daf4a
1084,0.9822222222222222,30.0,1.0,C4,0.2199999988079071,C,4,JM109-GFP,#4daf4a
1085,1.2147222222222223,30.0,2.0,C4,0.2337999939918518,C,4,JM109-GFP,#4daf4a
1086,1.4480277777777777,30.0,3.0,C4,0.25040000677108765,C,4,JM109-GFP,#4daf4a
1087,1.6805277777777776,30.2,4.0,C4,0.26249998807907104,C,4,JM109-GFP,#4daf4a
1088,1.9797222222222222,30.1,1.0,C4,0.2777999937534332,C,4,JM109-GFP,#4daf4a
1089,2.212222222222222,30.0,2.0,C4,0.2953000068664551,C,4,JM109-GFP,#4daf4a
1090,2.4446944444444445,30.1,3.0,C4,0.31299999356269836,C,4,JM109-GFP,#4daf4a
1091,2.6771944444444444,30.1,4.0,C4,0.33340001106262207,C,4,JM109-GFP,#4daf4a
1092,2.9096666666666664,30.1,5.0,C4,0.35510000586509705,C,4,JM109-GFP,#4daf4a
1093,3.2641666666666667,30.1,1.0,C4,0.38850000500679016,C,4,JM109-GFP,#4daf4a
1094,3.496611111111111,30.2,2.0,C4,0.41119998693466187,C,4,JM109-GFP,#4daf4a
1095,3.9097222222222223,30.2,1.0,C4,0.4472000002861023,C,4,JM109-GFP,#4daf4a
1096,4.142166666666666,30.0,2.0,C4,0.4675000011920929,C,4,JM109-GFP,#4daf4a
1097,4.375416666666666,30.1,3.0,C4,0.48260000348091125,C,4,JM109-GFP,#4daf4a
1098,4.607805555555555,30.2,4.0,C4,0.4984999895095825,C,4,JM109-GFP,#4daf4a
1099,4.840194444444444,30.1,5.0,C4,0.5138999819755554,C,4,JM109-GFP,#4daf4a
1100,5.131388888888889,30.1,1.0,C4,0.5271000266075134,C,4,JM109-GFP,#4daf4a
1101,5.363833333333333,29.9,2.0,C4,0.5455999970436096,C,4,JM109-GFP,#4daf4a
1102,5.597083333333333,30.0,3.0,C4,0.5591999888420105,C,4,JM109-GFP,#4daf4a
1103,5.951388888888889,30.0,1.0,C4,0.5753999948501587,C,4,JM109-GFP,#4daf4a
1104,6.183833333333333,29.9,2.0,C4,0.5860999822616577,C,4,JM109-GFP,#4daf4a
1105,6.416222222222222,30.1,3.0,C4,0.5986999869346619,C,4,JM109-GFP,#4daf4a
1106,6.649472222222222,30.1,4.0,C4,0.6050999760627747,C,4,JM109-GFP,#4daf4a
1107,6.881833333333333,30.0,5.0,C4,0.6122999787330627,C,4,JM109-GFP,#4daf4a
1108,7.11425,30.1,6.0,C4,0.6182000041007996,C,4,JM109-GFP,#4daf4a
1109,7.346638888888889,30.0,7.0,C4,0.6215000152587891,C,4,JM109-GFP,#4daf4a
1110,7.627222222222223,30.0,1.0,C4,0.6353999972343445,C,4,JM109-GFP,#4daf4a
1111,7.859666666666667,30.2,2.0,C4,0.6351000070571899,C,4,JM109-GFP,#4daf4a
1112,8.092055555555556,30.2,3.0,C4,0.6391000151634216,C,4,JM109-GFP,#4daf4a
1113,8.324555555555555,30.1,4.0,C4,0.6416000127792358,C,4,JM109-GFP,#4daf4a
1114,8.556833333333334,30.0,5.0,C4,0.6425999999046326,C,4,JM109-GFP,#4daf4a
1115,8.789222222222222,30.1,6.0,C4,0.6435999870300293,C,4,JM109-GFP,#4daf4a
1116,9.21861111111111,30.2,1.0,C4,0.6420999765396118,C,4,JM109-GFP,#4daf4a
1117,9.45111111111111,30.3,2.0,C4,0.6424000263214111,C,4,JM109-GFP,#4daf4a
1118,9.68361111111111,30.0,3.0,C4,0.6434000134468079,C,4,JM109-GFP,#4daf4a
1119,9.916138888888888,30.2,4.0,C4,0.6442999839782715,C,4,JM109-GFP,#4daf4a
1440,0.0,30.0,1.0,D1,0.18619999289512634,D,1,JM109-GFP,#4daf4a
1441,0.2325,30.0,2.0,D1,0.19140000641345978,D,1,JM109-GFP,#4daf4a
1442,0.4658888888888889,30.1,3.0,D1,0.19619999825954437,D,1,JM109-GFP,#4daf4a
1443,0.6983611111111111,30.3,4.0,D1,0.2087000012397766,D,1,JM109-GFP,#4daf4a
1444,0.9822222222222222,30.0,1.0,D1,0.22849999368190765,D,1,JM109-GFP,#4daf4a
1445,1.2147222222222223,30.0,2.0,D1,0.23999999463558197,D,1,JM109-GFP,#4daf4a
1446,1.4480277777777777,30.0,3.0,D1,0.25099998712539673,D,1,JM109-GFP,#4daf4a
1447,1.6805277777777776,30.2,4.0,D1,0.2612999975681305,D,1,JM109-GFP,#4daf4a
1448,1.9797222222222222,30.1,1.0,D1,0.2874000072479248,D,1,JM109-GFP,#4daf4a
1449,2.212222222222222,30.0,2.0,D1,0.3037000000476837,D,1,JM109-GFP,#4daf4a
1450,2.4446944444444445,30.1,3.0,D1,0.3203999996185303,D,1,JM109-GFP,#4daf4a
1451,2.6771944444444444,30.1,4.0,D1,0.3418999910354614,D,1,JM109-GFP,#4daf4a
1452,2.9096666666666664,30.1,5.0,D1,0.3580000102519989,D,1,JM109-GFP,#4daf4a
1453,3.2641666666666667,30.1,1.0,D1,0.3799000084400177,D,1,JM109-GFP,#4daf4a
1454,3.496611111111111,30.2,2.0,D1,0.3986000120639801,D,1,JM109-GFP,#4daf4a
1455,3.9097222222222223,30.2,1.0,D1,0.42989999055862427,D,1,JM109-GFP,#4daf4a
1456,4.142166666666666,30.0,2.0,D1,0.4458000063896179,D,1,JM109-GFP,#4daf4a
1457,4.375416666666666,30.1,3.0,D1,0.4603999853134155,D,1,JM109-GFP,#4daf4a
1458,4.607805555555555,30.2,4.0,D1,0.47530001401901245,D,1,JM109-GFP,#4daf4a
1459,4.840194444444444,30.1,5.0,D1,0.4887000024318695,D,1,JM109-GFP,#4daf4a
1460,5.131388888888889,30.1,1.0,D1,0.5058000087738037,D,1,JM109-GFP,#4daf4a
1461,5.363833333333333,29.9,2.0,D1,0.519599974155426,D,1,JM109-GFP,#4daf4a
1462,5.597083333333333,30.0,3.0,D1,0.5394999980926514,D,1,JM109-GFP,#4daf4a
1463,5.951388888888889,30.0,1.0,D1,0.555899977684021,D,1,JM109-GFP,#4daf4a
1464,6.183833333333333,29.9,2.0,D1,0.5597000122070312,D,1,JM109-GFP,#4daf4a
1465,6.416222222222222,30.1,3.0,D1,0.5719000101089478,D,1,JM109-GFP,#4daf4a
1466,6.649472222222222,30.1,4.0,D1,0.5841000080108643,D,1,JM109-GFP,#4daf4a
1467,6.881833333333333,30.0,5.0,D1,0.5814999938011169,D,1,JM109-GFP,#4daf4a
1468,7.11425,30.1,6.0,D1,0.5864999890327454,D,1,JM109-GFP,#4daf4a
1469,7.346638888888889,30.0,7.0,D1,0.5916000008583069,D,1,JM109-GFP,#4daf4a
1470,7.627222222222223,30.0,1.0,D1,0.6061999797821045,D,1,JM109-GFP,#4daf4a
1471,7.859666666666667,30.2,2.0,D1,0.6086999773979187,D,1,JM109-GFP,#4daf4a
1472,8.092055555555556,30.2,3.0,D1,0.6111999750137329,D,1,JM109-GFP,#4daf4a
1473,8.324555555555555,30.1,4.0,D1,0.6119999885559082,D,1,JM109-GFP,#4daf4a
1474,8.556833333333334,30.0,5.0,D1,0.6150000095367432,D,1,JM109-GFP,#4daf4a
1475,8.789222222222222,30.1,6.0,D1,0.6183000206947327,D,1,JM109-GFP,#4daf4a
1476,9.21861111111111,30.2,1.0,D1,0.612500011920929,D,1,JM109-GFP,#4daf4a
1477,9.45111111111111,30.3,2.0,D1,0.6128000020980835,D,1,JM109-GFP,#4daf4a
1478,9.68361111111111,30.0,3.0,D1,0.6140000224113464,D,1,JM109-GFP,#4daf4a
1479,9.916138888888888,30.2,4.0,D1,0.6139000058174133,D,1,JM109-GFP,#4daf4a
1480,0.0,30.0,1.0,D2,0.18709999322891235,D,2,JM109-GFP,#4daf4a
1481,0.2325,30.0,2.0,D2,0.19380000233650208,D,2,JM109-GFP,#4daf4a
1482,0.4658888888888889,30.1,3.0,D2,0.19750000536441803,D,2,JM109-GFP,#4daf4a
1483,0.6983611111111111,30.3,4.0,D2,0.2102999985218048,D,2,JM109-GFP,#4daf4a
1484,0.9822222222222222,30.0,1.0,D2,0.23919999599456787,D,2,JM109-GFP,#4daf4a
1485,1.2147222222222223,30.0,2.0,D2,0.25099998712539673,D,2,JM109-GFP,#4daf4a
1486,1.4480277777777777,30.0,3.0,D2,0.2639000117778778,D,2,JM109-GFP,#4daf4a
1487,1.6805277777777776,30.2,4.0,D2,0.2741999924182892,D,2,JM109-GFP,#4daf4a
1488,1.9797222222222222,30.1,1.0,D2,0.2992999851703644,D,2,JM109-GFP,#4daf4a
1489,2.212222222222222,30.0,2.0,D2,0.31679999828338623,D,2,JM109-GFP,#4daf4a
1490,2.4446944444444445,30.1,3.0,D2,0.3255000114440918,D,2,JM109-GFP,#4daf4a
1491,2.6771944444444444,30.1,4.0,D2,0.3549000024795532,D,2,JM109-GFP,#4daf4a
1492,2.9096666666666664,30.1,5.0,D2,0.3675999939441681,D,2,JM109-GFP,#4daf4a
1493,3.2641666666666667,30.1,1.0,D2,0.38920000195503235,D,2,JM109-GFP,#4daf4a
1494,3.496611111111111,30.2,2.0,D2,0.4104999899864197,D,2,JM109-GFP,#4daf4a
1495,3.9097222222222223,30.2,1.0,D2,0.4415999948978424,D,2,JM109-GFP,#4daf4a
1496,4.142166666666666,30.0,2.0,D2,0.45809999108314514,D,2,JM109-GFP,#4daf4a
1497,4.375416666666666,30.1,3.0,D2,0.47350001335144043,D,2,JM109-GFP,#4daf4a
1498,4.607805555555555,30.2,4.0,D2,0.487199991941452,D,2,JM109-GFP,#4daf4a
1499,4.840194444444444,30.1,5.0,D2,0.498199999332428,D,2,JM109-GFP,#4daf4a
1500,5.131388888888889,30.1,1.0,D2,0.5149000287055969,D,2,JM109-GFP,#4daf4a
1501,5.363833333333333,29.9,2.0,D2,0.5248000025749207,D,2,JM109-GFP,#4daf4a
1502,5.597083333333333,30.0,3.0,D2,0.5439000129699707,D,2,JM109-GFP,#4daf4a
1503,5.951388888888889,30.0,1.0,D2,0.5637999773025513,D,2,JM109-GFP,#4daf4a
1504,6.183833333333333,29.9,2.0,D2,0.5715000033378601,D,2,JM109-GFP,#4daf4a
1505,6.416222222222222,30.1,3.0,D2,0.5927000045776367,D,2,JM109-GFP,#4daf4a
1506,6.649472222222222,30.1,4.0,D2,0.5914999842643738,D,2,JM109-GFP,#4daf4a
1507,6.881833333333333,30.0,5.0,D2,0.6085000038146973,D,2,JM109-GFP,#4daf4a
1508,7.11425,30.1,6.0,D2,0.613099992275238,D,2,JM109-GFP,#4daf4a
1509,7.346638888888889,30.0,7.0,D2,0.6256999969482422,D,2,JM109-GFP,#4daf4a
1510,7.627222222222223,30.0,1.0,D2,0.6305999755859375,D,2,JM109-GFP,#4daf4a
1511,7.859666666666667,30.2,2.0,D2,0.6384000182151794,D,2,JM109-GFP,#4daf4a
1512,8.092055555555556,30.2,3.0,D2,0.6328999996185303,D,2,JM109-GFP,#4daf4a
1513,8.324555555555555,30.1,4.0,D2,0.6373999714851379,D,2,JM109-GFP,#4daf4a
1514,8.556833333333334,30.0,5.0,D2,0.6438999772071838,D,2,JM109-GFP,#4daf4a
1515,8.789222222222222,30.1,6.0,D2,0.6398000121116638,D,2,JM109-GFP,#4daf4a
1516,9.21861111111111,30.2,1.0,D2,0.6399000287055969,D,2,JM109-GFP,#4daf4a
1517,9.45111111111111,30.3,2.0,D2,0.6317999958992004,D,2,JM109-GFP,#4daf4a
1518,9.68361111111111,30.0,3.0,D2,0.6287999749183655,D,2,JM109-GFP,#4daf4a
1519,9.916138888888888,30.2,4.0,D2,0.6317999958992004,D,2,JM109-GFP,#4daf4a
1520,0.0,30.0,1.0,D3,0.2020999938249588,D,3,JM109-GFP,#4daf4a
1521,0.2325,30.0,2.0,D3,0.2011999934911728,D,3,JM109-GFP,#4daf4a
1522,0.4658888888888889,30.1,3.0,D3,0.20890000462532043,D,3,JM109-GFP,#4daf4a
1523,0.6983611111111111,30.3,4.0,D3,0.2223999947309494,D,3,JM109-GFP,#4daf4a
1524,0.9822222222222222,30.0,1.0,D3,0.24940000474452972,D,3,JM109-GFP,#4daf4a
1525,1.2147222222222223,30.0,2.0,D3,0.2565999925136566,D,3,JM109-GFP,#4daf4a
1526,1.4480277777777777,30.0,3.0,D3,0.27129998803138733,D,3,JM109-GFP,#4daf4a
1527,1.6805277777777776,30.2,4.0,D3,0.2838999927043915,D,3,JM109-GFP,#4daf4a
1528,1.9797222222222222,30.1,1.0,D3,0.30160000920295715,D,3,JM109-GFP,#4daf4a
1529,2.212222222222222,30.0,2.0,D3,0.31459999084472656,D,3,JM109-GFP,#4daf4a
1530,2.4446944444444445,30.1,3.0,D3,0.33059999346733093,D,3,JM109-GFP,#4daf4a
1531,2.6771944444444444,30.1,4.0,D3,0.35659998655319214,D,3,JM109-GFP,#4daf4a
1532,2.9096666666666664,30.1,5.0,D3,0.3698999881744385,D,3,JM109-GFP,#4daf4a
1533,3.2641666666666667,30.1,1.0,D3,0.40139999985694885,D,3,JM109-GFP,#4daf4a
1534,3.496611111111111,30.2,2.0,D3,0.42309999465942383,D,3,JM109-GFP,#4daf4a
1535,3.9097222222222223,30.2,1.0,D3,0.45879998803138733,D,3,JM109-GFP,#4daf4a
1536,4.142166666666666,30.0,2.0,D3,0.47279998660087585,D,3,JM109-GFP,#4daf4a
1537,4.375416666666666,30.1,3.0,D3,0.49380001425743103,D,3,JM109-GFP,#4daf4a
1538,4.607805555555555,30.2,4.0,D3,0.5066999793052673,D,3,JM109-GFP,#4daf4a
1539,4.840194444444444,30.1,5.0,D3,0.5180000066757202,D,3,JM109-GFP,#4daf4a
1540,5.131388888888889,30.1,1.0,D3,0.529699981212616,D,3,JM109-GFP,#4daf4a
1541,5.363833333333333,29.9,2.0,D3,0.5461999773979187,D,3,JM109-GFP,#4daf4a
1542,5.597083333333333,30.0,3.0,D3,0.5623999834060669,D,3,JM109-GFP,#4daf4a
1543,5.951388888888889,30.0,1.0,D3,0.5794000029563904,D,3,JM109-GFP,#4daf4a
1544,6.183833333333333,29.9,2.0,D3,0.5895000100135803,D,3,JM109-GFP,#4daf4a
1545,6.416222222222222,30.1,3.0,D3,0.6141999959945679,D,3,JM109-GFP,#4daf4a
1546,6.649472222222222,30.1,4.0,D3,0.6164000034332275,D,3,JM109-GFP,#4daf4a
1547,6.881833333333333,30.0,5.0,D3,0.6202999949455261,D,3,JM109-GFP,#4daf4a
1548,7.11425,30.1,6.0,D3,0.6245999932289124,D,3,JM109-GFP,#4daf4a
1549,7.346638888888889,30.0,7.0,D3,0.6362000107765198,D,3,JM109-GFP,#4daf4a
1550,7.627222222222223,30.0,1.0,D3,0.6516000032424927,D,3,JM109-GFP,#4daf4a
1551,7.859666666666667,30.2,2.0,D3,0.6585000157356262,D,3,JM109-GFP,#4daf4a
1552,8.092055555555556,30.2,3.0,D3,0.6635000109672546,D,3,JM109-GFP,#4daf4a
1553,8.324555555555555,30.1,4.0,D3,0.6478000283241272,D,3,JM109-GFP,#4daf4a
1554,8.556833333333334,30.0,5.0,D3,0.6491000056266785,D,3,JM109-GFP,#4daf4a
1555,8.789222222222222,30.1,6.0,D3,0.6733999848365784,D,3,JM109-GFP,#4daf4a
1556,9.21861111111111,30.2,1.0,D3,0.6496000289916992,D,3,JM109-GFP,#4daf4a
1557,9.45111111111111,30.3,2.0,D3,0.6672999858856201,D,3,JM109-GFP,#4daf4a
1558,9.68361111111111,30.0,3.0,D3,0.6538000106811523,D,3,JM109-GFP,#4daf4a
1559,9.916138888888888,30.2,4.0,D3,0.652899980545044,D,3,JM109-GFP,#4daf4a
1560,0.0,30.0,1.0,D4,0.1850000023841858,D,4,JM109-GFP,#4daf4a
1561,0.2325,30.0,2.0,D4,0.19169999659061432,D,4,JM109-GFP,#4daf4a
1562,0.4658888888888889,30.1,3.0,D4,0.19179999828338623,D,4,JM109-GFP,#4daf4a
1563,0.6983611111111111,30.3,4.0,D4,0.20430000126361847,D,4,JM109-GFP,#4daf4a
1564,0.9822222222222222,30.0,1.0,D4,0.2175000011920929,D,4,JM109-GFP,#4daf4a
1565,1.2147222222222223,30.0,2.0,D4,0.22869999706745148,D,4,JM109-GFP,#4daf4a
1566,1.4480277777777777,30.0,3.0,D4,0.24060000479221344,D,4,JM109-GFP,#4daf4a
1567,1.6805277777777776,30.2,4.0,D4,0.25440001487731934,D,4,JM109-GFP,#4daf4a
1568,1.9797222222222222,30.1,1.0,D4,0.2757999897003174,D,4,JM109-GFP,#4daf4a
1569,2.212222222222222,30.0,2.0,D4,0.29249998927116394,D,4,JM109-GFP,#4daf4a
1570,2.4446944444444445,30.1,3.0,D4,0.3122999966144562,D,4,JM109-GFP,#4daf4a
1571,2.6771944444444444,30.1,4.0,D4,0.33799999952316284,D,4,JM109-GFP,#4daf4a
1572,2.9096666666666664,30.1,5.0,D4,0.35519999265670776,D,4,JM109-GFP,#4daf4a
1573,3.2641666666666667,30.1,1.0,D4,0.3837999999523163,D,4,JM109-GFP,#4daf4a
1574,3.496611111111111,30.2,2.0,D4,0.4099000096321106,D,4,JM109-GFP,#4daf4a
1575,3.9097222222222223,30.2,1.0,D4,0.4447999894618988,D,4,JM109-GFP,#4daf4a
1576,4.142166666666666,30.0,2.0,D4,0.46299999952316284,D,4,JM109-GFP,#4daf4a
1577,4.375416666666666,30.1,3.0,D4,0.48489999771118164,D,4,JM109-GFP,#4daf4a
1578,4.607805555555555,30.2,4.0,D4,0.49889999628067017,D,4,JM109-GFP,#4daf4a
1579,4.840194444444444,30.1,5.0,D4,0.5127999782562256,D,4,JM109-GFP,#4daf4a
1580,5.131388888888889,30.1,1.0,D4,0.5325000286102295,D,4,JM109-GFP,#4daf4a
1581,5.363833333333333,29.9,2.0,D4,0.5472000241279602,D,4,JM109-GFP,#4daf4a
1582,5.597083333333333,30.0,3.0,D4,0.5644000172615051,D,4,JM109-GFP,#4daf4a
1583,5.951388888888889,30.0,1.0,D4,0.5841000080108643,D,4,JM109-GFP,#4daf4a
1584,6.183833333333333,29.9,2.0,D4,0.5936999917030334,D,4,JM109-GFP,#4daf4a
1585,6.416222222222222,30.1,3.0,D4,0.6061000227928162,D,4,JM109-GFP,#4daf4a
1586,6.649472222222222,30.1,4.0,D4,0.6186000108718872,D,4,JM109-GFP,#4daf4a
1587,6.881833333333333,30.0,5.0,D4,0.620199978351593,D,4,JM109-GFP,#4daf4a
1588,7.11425,30.1,6.0,D4,0.6244000196456909,D,4,JM109-GFP,#4daf4a
1589,7.346638888888889,30.0,7.0,D4,0.6299999952316284,D,4,JM109-GFP,#4daf4a
1590,7.627222222222223,30.0,1.0,D4,0.6464999914169312,D,4,JM109-GFP,#4daf4a
1591,7.859666666666667,30.2,2.0,D4,0.6455000042915344,D,4,JM109-GFP,#4daf4a
1592,8.092055555555556,30.2,3.0,D4,0.6486999988555908,D,4,JM109-GFP,#4daf4a
1593,8.324555555555555,30.1,4.0,D4,0.6525999903678894,D,4,JM109-GFP,#4daf4a
1594,8.556833333333334,30.0,5.0,D4,0.6527000069618225,D,4,JM109-GFP,#4daf4a
1595,8.789222222222222,30.1,6.0,D4,0.6574000120162964,D,4,JM109-GFP,#4daf4a
1596,9.21861111111111,30.2,1.0,D4,0.6574000120162964,D,4,JM109-GFP,#4daf4a
1597,9.45111111111111,30.3,2.0,D4,0.6531999707221985,D,4,JM109-GFP,#4daf4a
1598,9.68361111111111,30.0,3.0,D4,0.6549999713897705,D,4,JM109-GFP,#4daf4a
1599,9.916138888888888,30.2,4.0,D4,0.6556000113487244,D,4,JM109-GFP,#4daf4a
1920,0.0,30.0,1.0,E1,0.1800999939441681,E,1,JM109-GFP,#4daf4a
1921,0.2325,30.0,2.0,E1,0.18279999494552612,E,1,JM109-GFP,#4daf4a
1922,0.4658888888888889,30.1,3.0,E1,0.18860000371932983,E,1,JM109-GFP,#4daf4a
1923,0.6983611111111111,30.3,4.0,E1,0.19979999959468842,E,1,JM109-GFP,#4daf4a
1924,0.9822222222222222,30.0,1.0,E1,0.2214999943971634,E,1,JM109-GFP,#4daf4a
1925,1.2147222222222223,30.0,2.0,E1,0.23330000042915344,E,1,JM109-GFP,#4daf4a
1926,1.4480277777777777,30.0,3.0,E1,0.24719999730587006,E,1,JM109-GFP,#4daf4a
1927,1.6805277777777776,30.2,4.0,E1,0.25999999046325684,E,1,JM109-GFP,#4daf4a
1928,1.9797222222222222,30.1,1.0,E1,0.2833000123500824,E,1,JM109-GFP,#4daf4a
1929,2.212222222222222,30.0,2.0,E1,0.30079999566078186,E,1,JM109-GFP,#4daf4a
1930,2.4446944444444445,30.1,3.0,E1,0.31790000200271606,E,1,JM109-GFP,#4daf4a
1931,2.6771944444444444,30.1,4.0,E1,0.3391000032424927,E,1,JM109-GFP,#4daf4a
1932,2.9096666666666664,30.1,5.0,E1,0.3564000129699707,E,1,JM109-GFP,#4daf4a
1933,3.2641666666666667,30.1,1.0,E1,0.3799999952316284,E,1,JM109-GFP,#4daf4a
1934,3.496611111111111,30.2,2.0,E1,0.39730000495910645,E,1,JM109-GFP,#4daf4a
1935,3.9097222222222223,30.2,1.0,E1,0.4325000047683716,E,1,JM109-GFP,#4daf4a
1936,4.142166666666666,30.0,2.0,E1,0.4447999894618988,E,1,JM109-GFP,#4daf4a
1937,4.375416666666666,30.1,3.0,E1,0.46050000190734863,E,1,JM109-GFP,#4daf4a
1938,4.607805555555555,30.2,4.0,E1,0.47450000047683716,E,1,JM109-GFP,#4daf4a
1939,4.840194444444444,30.1,5.0,E1,0.4903999865055084,E,1,JM109-GFP,#4daf4a
1940,5.131388888888889,30.1,1.0,E1,0.5041999816894531,E,1,JM109-GFP,#4daf4a
1941,5.363833333333333,29.9,2.0,E1,0.5170000195503235,E,1,JM109-GFP,#4daf4a
1942,5.597083333333333,30.0,3.0,E1,0.5343000292778015,E,1,JM109-GFP,#4daf4a
1943,5.951388888888889,30.0,1.0,E1,0.5490999817848206,E,1,JM109-GFP,#4daf4a
1944,6.183833333333333,29.9,2.0,E1,0.5586000084877014,E,1,JM109-GFP,#4daf4a
1945,6.416222222222222,30.1,3.0,E1,0.5730000138282776,E,1,JM109-GFP,#4daf4a
1946,6.649472222222222,30.1,4.0,E1,0.5746999979019165,E,1,JM109-GFP,#4daf4a
1947,6.881833333333333,30.0,5.0,E1,0.5776000022888184,E,1,JM109-GFP,#4daf4a
1948,7.11425,30.1,6.0,E1,0.5830000042915344,E,1,JM109-GFP,#4daf4a
1949,7.346638888888889,30.0,7.0,E1,0.5870000123977661,E,1,JM109-GFP,#4daf4a
1950,7.627222222222223,30.0,1.0,E1,0.6071000099182129,E,1,JM109-GFP,#4daf4a
1951,7.859666666666667,30.2,2.0,E1,0.6086999773979187,E,1,JM109-GFP,#4daf4a
1952,8.092055555555556,30.2,3.0,E1,0.6111000180244446,E,1,JM109-GFP,#4daf4a
1953,8.324555555555555,30.1,4.0,E1,0.6123999953269958,E,1,JM109-GFP,#4daf4a
1954,8.556833333333334,30.0,5.0,E1,0.6155999898910522,E,1,JM109-GFP,#4daf4a
1955,8.789222222222222,30.1,6.0,E1,0.6179999709129333,E,1,JM109-GFP,#4daf4a
1956,9.21861111111111,30.2,1.0,E1,0.6036999821662903,E,1,JM109-GFP,#4daf4a
1957,9.45111111111111,30.3,2.0,E1,0.6043999791145325,E,1,JM109-GFP,#4daf4a
1958,9.68361111111111,30.0,3.0,E1,0.6057999730110168,E,1,JM109-GFP,#4daf4a
1959,9.916138888888888,30.2,4.0,E1,0.6057000160217285,E,1,JM109-GFP,#4daf4a
1960,0.0,30.0,1.0,E2,0.19429999589920044,E,2,JM109-GFP,#4daf4a
1961,0.2325,30.0,2.0,E2,0.19120000302791595,E,2,JM109-GFP,#4daf4a
1962,0.4658888888888889,30.1,3.0,E2,0.1973000019788742,E,2,JM109-GFP,#4daf4a
1963,0.6983611111111111,30.3,4.0,E2,0.2087000012397766,E,2,JM109-GFP,#4daf4a
1964,0.9822222222222222,30.0,1.0,E2,0.2329999953508377,E,2,JM109-GFP,#4daf4a
1965,1.2147222222222223,30.0,2.0,E2,0.24639999866485596,E,2,JM109-GFP,#4daf4a
1966,1.4480277777777777,30.0,3.0,E2,0.2621999979019165,E,2,JM109-GFP,#4daf4a
1967,1.6805277777777776,30.2,4.0,E2,0.2757999897003174,E,2,JM109-GFP,#4daf4a
1968,1.9797222222222222,30.1,1.0,E2,0.2973000109195709,E,2,JM109-GFP,#4daf4a
1969,2.212222222222222,30.0,2.0,E2,0.3163999915122986,E,2,JM109-GFP,#4daf4a
1970,2.4446944444444445,30.1,3.0,E2,0.3327000141143799,E,2,JM109-GFP,#4daf4a
1971,2.6771944444444444,30.1,4.0,E2,0.35749998688697815,E,2,JM109-GFP,#4daf4a
1972,2.9096666666666664,30.1,5.0,E2,0.37560001015663147,E,2,JM109-GFP,#4daf4a
1973,3.2641666666666667,30.1,1.0,E2,0.4041000008583069,E,2,JM109-GFP,#4daf4a
1974,3.496611111111111,30.2,2.0,E2,0.41909998655319214,E,2,JM109-GFP,#4daf4a
1975,3.9097222222222223,30.2,1.0,E2,0.45260000228881836,E,2,JM109-GFP,#4daf4a
1976,4.142166666666666,30.0,2.0,E2,0.46799999475479126,E,2,JM109-GFP,#4daf4a
1977,4.375416666666666,30.1,3.0,E2,0.48339998722076416,E,2,JM109-GFP,#4daf4a
1978,4.607805555555555,30.2,4.0,E2,0.4936999976634979,E,2,JM109-GFP,#4daf4a
1979,4.840194444444444,30.1,5.0,E2,0.5110999941825867,E,2,JM109-GFP,#4daf4a
1980,5.131388888888889,30.1,1.0,E2,0.5246000289916992,E,2,JM109-GFP,#4daf4a
1981,5.363833333333333,29.9,2.0,E2,0.5400000214576721,E,2,JM109-GFP,#4daf4a
1982,5.597083333333333,30.0,3.0,E2,0.5547999739646912,E,2,JM109-GFP,#4daf4a
1983,5.951388888888889,30.0,1.0,E2,0.5726000070571899,E,2,JM109-GFP,#4daf4a
1984,6.183833333333333,29.9,2.0,E2,0.5857999920845032,E,2,JM109-GFP,#4daf4a
1985,6.416222222222222,30.1,3.0,E2,0.5942000150680542,E,2,JM109-GFP,#4daf4a
1986,6.649472222222222,30.1,4.0,E2,0.6004999876022339,E,2,JM109-GFP,#4daf4a
1987,6.881833333333333,30.0,5.0,E2,0.6111999750137329,E,2,JM109-GFP,#4daf4a
1988,7.11425,30.1,6.0,E2,0.6166999936103821,E,2,JM109-GFP,#4daf4a
1989,7.346638888888889,30.0,7.0,E2,0.6279000043869019,E,2,JM109-GFP,#4daf4a
1990,7.627222222222223,30.0,1.0,E2,0.6323999762535095,E,2,JM109-GFP,#4daf4a
1991,7.859666666666667,30.2,2.0,E2,0.6328999996185303,E,2,JM109-GFP,#4daf4a
1992,8.092055555555556,30.2,3.0,E2,0.6376000046730042,E,2,JM109-GFP,#4daf4a
1993,8.324555555555555,30.1,4.0,E2,0.6381999850273132,E,2,JM109-GFP,#4daf4a
1994,8.556833333333334,30.0,5.0,E2,0.6396999955177307,E,2,JM109-GFP,#4daf4a
1995,8.789222222222222,30.1,6.0,E2,0.6420000195503235,E,2,JM109-GFP,#4daf4a
1996,9.21861111111111,30.2,1.0,E2,0.6330000162124634,E,2,JM109-GFP,#4daf4a
1997,9.45111111111111,30.3,2.0,E2,0.644599974155426,E,2,JM109-GFP,#4daf4a
1998,9.68361111111111,30.0,3.0,E2,0.6324999928474426,E,2,JM109-GFP,#4daf4a
1999,9.916138888888888,30.2,4.0,E2,0.6323999762535095,E,2,JM109-GFP,#4daf4a
2000,0.0,30.0,1.0,E3,0.18690000474452972,E,3,JM109-GFP,#4daf4a
2001,0.2325,30.0,2.0,E3,0.18790000677108765,E,3,JM109-GFP,#4daf4a
2002,0.4658888888888889,30.1,3.0,E3,0.19220000505447388,E,3,JM109-GFP,#4daf4a
2003,0.6983611111111111,30.3,4.0,E3,0.2053000032901764,E,3,JM109-GFP,#4daf4a
2004,0.9822222222222222,30.0,1.0,E3,0.2280000001192093,E,3,JM109-GFP,#4daf4a
2005,1.2147222222222223,30.0,2.0,E3,0.24089999496936798,E,3,JM109-GFP,#4daf4a
2006,1.4480277777777777,30.0,3.0,E3,0.2581000030040741,E,3,JM109-GFP,#4daf4a
2007,1.6805277777777776,30.2,4.0,E3,0.26759999990463257,E,3,JM109-GFP,#4daf4a
2008,1.9797222222222222,30.1,1.0,E3,0.28679999709129333,E,3,JM109-GFP,#4daf4a
2009,2.212222222222222,30.0,2.0,E3,0.30399999022483826,E,3,JM109-GFP,#4daf4a
2010,2.4446944444444445,30.1,3.0,E3,0.32010000944137573,E,3,JM109-GFP,#4daf4a
2011,2.6771944444444444,30.1,4.0,E3,0.3433000147342682,E,3,JM109-GFP,#4daf4a
2012,2.9096666666666664,30.1,5.0,E3,0.35839998722076416,E,3,JM109-GFP,#4daf4a
2013,3.2641666666666667,30.1,1.0,E3,0.3828999996185303,E,3,JM109-GFP,#4daf4a
2014,3.496611111111111,30.2,2.0,E3,0.40389999747276306,E,3,JM109-GFP,#4daf4a
2015,3.9097222222222223,30.2,1.0,E3,0.4392000138759613,E,3,JM109-GFP,#4daf4a
2016,4.142166666666666,30.0,2.0,E3,0.45719999074935913,E,3,JM109-GFP,#4daf4a
2017,4.375416666666666,30.1,3.0,E3,0.4724999964237213,E,3,JM109-GFP,#4daf4a
2018,4.607805555555555,30.2,4.0,E3,0.4846999943256378,E,3,JM109-GFP,#4daf4a
2019,4.840194444444444,30.1,5.0,E3,0.49880000948905945,E,3,JM109-GFP,#4daf4a
2020,5.131388888888889,30.1,1.0,E3,0.511900007724762,E,3,JM109-GFP,#4daf4a
2021,5.363833333333333,29.9,2.0,E3,0.527400016784668,E,3,JM109-GFP,#4daf4a
2022,5.597083333333333,30.0,3.0,E3,0.5410000085830688,E,3,JM109-GFP,#4daf4a
2023,5.951388888888889,30.0,1.0,E3,0.5604000091552734,E,3,JM109-GFP,#4daf4a
2024,6.183833333333333,29.9,2.0,E3,0.5698000192642212,E,3,JM109-GFP,#4daf4a
2025,6.416222222222222,30.1,3.0,E3,0.5819000005722046,E,3,JM109-GFP,#4daf4a
2026,6.649472222222222,30.1,4.0,E3,0.5910000205039978,E,3,JM109-GFP,#4daf4a
2027,6.881833333333333,30.0,5.0,E3,0.5983999967575073,E,3,JM109-GFP,#4daf4a
2028,7.11425,30.1,6.0,E3,0.6029999852180481,E,3,JM109-GFP,#4daf4a
2029,7.346638888888889,30.0,7.0,E3,0.6093000173568726,E,3,JM109-GFP,#4daf4a
2030,7.627222222222223,30.0,1.0,E3,0.6258000135421753,E,3,JM109-GFP,#4daf4a
2031,7.859666666666667,30.2,2.0,E3,0.6248000264167786,E,3,JM109-GFP,#4daf4a
2032,8.092055555555556,30.2,3.0,E3,0.6211000084877014,E,3,JM109-GFP,#4daf4a
2033,8.324555555555555,30.1,4.0,E3,0.6209999918937683,E,3,JM109-GFP,#4daf4a
2034,8.556833333333334,30.0,5.0,E3,0.6230999827384949,E,3,JM109-GFP,#4daf4a
2035,8.789222222222222,30.1,6.0,E3,0.6269999742507935,E,3,JM109-GFP,#4daf4a
2036,9.21861111111111,30.2,1.0,E3,0.6388999819755554,E,3,JM109-GFP,#4daf4a
2037,9.45111111111111,30.3,2.0,E3,0.6245999932289124,E,3,JM109-GFP,#4daf4a
2038,9.68361111111111,30.0,3.0,E3,0.6252999901771545,E,3,JM109-GFP,#4daf4a
2039,9.916138888888888,30.2,4.0,E3,0.6259999871253967,E,3,JM109-GFP,#4daf4a
2040,0.0,30.0,1.0,E4,0.1898999959230423,E,4,JM109-GFP,#4daf4a
2041,0.2325,30.0,2.0,E4,0.19210000336170197,E,4,JM109-GFP,#4daf4a
2042,0.4658888888888889,30.1,3.0,E4,0.1973000019788742,E,4,JM109-GFP,#4daf4a
2043,0.6983611111111111,30.3,4.0,E4,0.211899995803833,E,4,JM109-GFP,#4daf4a
2044,0.9822222222222222,30.0,1.0,E4,0.22869999706745148,E,4,JM109-GFP,#4daf4a
2045,1.2147222222222223,30.0,2.0,E4,0.24330000579357147,E,4,JM109-GFP,#4daf4a
2046,1.4480277777777777,30.0,3.0,E4,0.26100000739097595,E,4,JM109-GFP,#4daf4a
2047,1.6805277777777776,30.2,4.0,E4,0.27129998803138733,E,4,JM109-GFP,#4daf4a
2048,1.9797222222222222,30.1,1.0,E4,0.2948000133037567,E,4,JM109-GFP,#4daf4a
2049,2.212222222222222,30.0,2.0,E4,0.30799999833106995,E,4,JM109-GFP,#4daf4a
2050,2.4446944444444445,30.1,3.0,E4,0.3249000012874603,E,4,JM109-GFP,#4daf4a
2051,2.6771944444444444,30.1,4.0,E4,0.34860000014305115,E,4,JM109-GFP,#4daf4a
2052,2.9096666666666664,30.1,5.0,E4,0.36320000886917114,E,4,JM109-GFP,#4daf4a
2053,3.2641666666666667,30.1,1.0,E4,0.39250001311302185,E,4,JM109-GFP,#4daf4a
2054,3.496611111111111,30.2,2.0,E4,0.41679999232292175,E,4,JM109-GFP,#4daf4a
2055,3.9097222222222223,30.2,1.0,E4,0.45509999990463257,E,4,JM109-GFP,#4daf4a
2056,4.142166666666666,30.0,2.0,E4,0.4722000062465668,E,4,JM109-GFP,#4daf4a
2057,4.375416666666666,30.1,3.0,E4,0.48730000853538513,E,4,JM109-GFP,#4daf4a
2058,4.607805555555555,30.2,4.0,E4,0.5004000067710876,E,4,JM109-GFP,#4daf4a
2059,4.840194444444444,30.1,5.0,E4,0.5135999917984009,E,4,JM109-GFP,#4daf4a
2060,5.131388888888889,30.1,1.0,E4,0.5285999774932861,E,4,JM109-GFP,#4daf4a
2061,5.363833333333333,29.9,2.0,E4,0.5468999743461609,E,4,JM109-GFP,#4daf4a
2062,5.597083333333333,30.0,3.0,E4,0.5648000240325928,E,4,JM109-GFP,#4daf4a
2063,5.951388888888889,30.0,1.0,E4,0.5986999869346619,E,4,JM109-GFP,#4daf4a
2064,6.183833333333333,29.9,2.0,E4,0.6026999950408936,E,4,JM109-GFP,#4daf4a
2065,6.416222222222222,30.1,3.0,E4,0.6098999977111816,E,4,JM109-GFP,#4daf4a
2066,6.649472222222222,30.1,4.0,E4,0.6388000249862671,E,4,JM109-GFP,#4daf4a
2067,6.881833333333333,30.0,5.0,E4,0.6208999752998352,E,4,JM109-GFP,#4daf4a
2068,7.11425,30.1,6.0,E4,0.6255000233650208,E,4,JM109-GFP,#4daf4a
2069,7.346638888888889,30.0,7.0,E4,0.6290000081062317,E,4,JM109-GFP,#4daf4a
2070,7.627222222222223,30.0,1.0,E4,0.6421999931335449,E,4,JM109-GFP,#4daf4a
2071,7.859666666666667,30.2,2.0,E4,0.645799994468689,E,4,JM109-GFP,#4daf4a
2072,8.092055555555556,30.2,3.0,E4,0.6470000147819519,E,4,JM109-GFP,#4daf4a
2073,8.324555555555555,30.1,4.0,E4,0.6477000117301941,E,4,JM109-GFP,#4daf4a
2074,8.556833333333334,30.0,5.0,E4,0.6503999829292297,E,4,JM109-GFP,#4daf4a
2075,8.789222222222222,30.1,6.0,E4,0.6524999737739563,E,4,JM109-GFP,#4daf4a
2076,9.21861111111111,30.2,1.0,E4,0.6525999903678894,E,4,JM109-GFP,#4daf4a
2077,9.45111111111111,30.3,2.0,E4,0.6517000198364258,E,4,JM109-GFP,#4daf4a
2078,9.68361111111111,30.0,3.0,E4,0.6535999774932861,E,4,JM109-GFP,#4daf4a
2079,9.916138888888888,30.2,4.0,E4,0.6531999707221985,E,4,JM109-GFP,#4daf4a
2400,0.0,30.0,1.0,F1,0.17970000207424164,F,1,JM109-GFP,#4daf4a
2401,0.2325,30.0,2.0,F1,0.18240000307559967,F,1,JM109-GFP,#4daf4a
2402,0.4658888888888889,30.1,3.0,F1,0.18889999389648438,F,1,JM109-GFP,#4daf4a
2403,0.6983611111111111,30.3,4.0,F1,0.1988999992609024,F,1,JM109-GFP,#4daf4a
2404,0.9822222222222222,30.0,1.0,F1,0.22499999403953552,F,1,JM109-GFP,#4daf4a
2405,1.2147222222222223,30.0,2.0,F1,0.23649999499320984,F,1,JM109-GFP,#4daf4a
2406,1.4480277777777777,30.0,3.0,F1,0.24719999730587006,F,1,JM109-GFP,#4daf4a
2407,1.6805277777777776,30.2,4.0,F1,0.2612000107765198,F,1,JM109-GFP,#4daf4a
2408,1.9797222222222222,30.1,1.0,F1,0.2750000059604645,F,1,JM109-GFP,#4daf4a
2409,2.212222222222222,30.0,2.0,F1,0.29440000653266907,F,1,JM109-GFP,#4daf4a
2410,2.4446944444444445,30.1,3.0,F1,0.3122999966144562,F,1,JM109-GFP,#4daf4a
2411,2.6771944444444444,30.1,4.0,F1,0.32919999957084656,F,1,JM109-GFP,#4daf4a
2412,2.9096666666666664,30.1,5.0,F1,0.3522999882698059,F,1,JM109-GFP,#4daf4a
2413,3.2641666666666667,30.1,1.0,F1,0.375900000333786,F,1,JM109-GFP,#4daf4a
2414,3.496611111111111,30.2,2.0,F1,0.4004000127315521,F,1,JM109-GFP,#4daf4a
2415,3.9097222222222223,30.2,1.0,F1,0.4311999976634979,F,1,JM109-GFP,#4daf4a
2416,4.142166666666666,30.0,2.0,F1,0.44909998774528503,F,1,JM109-GFP,#4daf4a
2417,4.375416666666666,30.1,3.0,F1,0.46540001034736633,F,1,JM109-GFP,#4daf4a
2418,4.607805555555555,30.2,4.0,F1,0.47679999470710754,F,1,JM109-GFP,#4daf4a
2419,4.840194444444444,30.1,5.0,F1,0.49410000443458557,F,1,JM109-GFP,#4daf4a
2420,5.131388888888889,30.1,1.0,F1,0.5127000212669373,F,1,JM109-GFP,#4daf4a
2421,5.363833333333333,29.9,2.0,F1,0.5242000222206116,F,1,JM109-GFP,#4daf4a
2422,5.597083333333333,30.0,3.0,F1,0.5426999926567078,F,1,JM109-GFP,#4daf4a
2423,5.951388888888889,30.0,1.0,F1,0.5527999997138977,F,1,JM109-GFP,#4daf4a
2424,6.183833333333333,29.9,2.0,F1,0.5637999773025513,F,1,JM109-GFP,#4daf4a
2425,6.416222222222222,30.1,3.0,F1,0.573199987411499,F,1,JM109-GFP,#4daf4a
2426,6.649472222222222,30.1,4.0,F1,0.5792999863624573,F,1,JM109-GFP,#4daf4a
2427,6.881833333333333,30.0,5.0,F1,0.5842000246047974,F,1,JM109-GFP,#4daf4a
2428,7.11425,30.1,6.0,F1,0.5895000100135803,F,1,JM109-GFP,#4daf4a
2429,7.346638888888889,30.0,7.0,F1,0.5939000248908997,F,1,JM109-GFP,#4daf4a
2430,7.627222222222223,30.0,1.0,F1,0.617900013923645,F,1,JM109-GFP,#4daf4a
2431,7.859666666666667,30.2,2.0,F1,0.6202999949455261,F,1,JM109-GFP,#4daf4a
2432,8.092055555555556,30.2,3.0,F1,0.6225000023841858,F,1,JM109-GFP,#4daf4a
2433,8.324555555555555,30.1,4.0,F1,0.6262000203132629,F,1,JM109-GFP,#4daf4a
2434,8.556833333333334,30.0,5.0,F1,0.6284000277519226,F,1,JM109-GFP,#4daf4a
2435,8.789222222222222,30.1,6.0,F1,0.6284999847412109,F,1,JM109-GFP,#4daf4a
2436,9.21861111111111,30.2,1.0,F1,0.609000027179718,F,1,JM109-GFP,#4daf4a
2437,9.45111111111111,30.3,2.0,F1,0.6155999898910522,F,1,JM109-GFP,#4daf4a
2438,9.68361111111111,30.0,3.0,F1,0.611299991607666,F,1,JM109-GFP,#4daf4a
2439,9.916138888888888,30.2,4.0,F1,0.611299991607666,F,1,JM109-GFP,#4daf4a
2440,0.0,30.0,1.0,F2,0.1800999939441681,F,2,JM109-GFP,#4daf4a
2441,0.2325,30.0,2.0,F2,0.18330000340938568,F,2,JM109-GFP,#4daf4a
2442,0.4658888888888889,30.1,3.0,F2,0.1890999972820282,F,2,JM109-GFP,#4daf4a
2443,0.6983611111111111,30.3,4.0,F2,0.19910000264644623,F,2,JM109-GFP,#4daf4a
2444,0.9822222222222222,30.0,1.0,F2,0.2231999933719635,F,2,JM109-GFP,#4daf4a
2445,1.2147222222222223,30.0,2.0,F2,0.2363000065088272,F,2,JM109-GFP,#4daf4a
2446,1.4480277777777777,30.0,3.0,F2,0.24729999899864197,F,2,JM109-GFP,#4daf4a
2447,1.6805277777777776,30.2,4.0,F2,0.2635999917984009,F,2,JM109-GFP,#4daf4a
2448,1.9797222222222222,30.1,1.0,F2,0.2770000100135803,F,2,JM109-GFP,#4daf4a
2449,2.212222222222222,30.0,2.0,F2,0.296999990940094,F,2,JM109-GFP,#4daf4a
2450,2.4446944444444445,30.1,3.0,F2,0.31520000100135803,F,2,JM109-GFP,#4daf4a
2451,2.6771944444444444,30.1,4.0,F2,0.3330000042915344,F,2,JM109-GFP,#4daf4a
2452,2.9096666666666664,30.1,5.0,F2,0.35749998688697815,F,2,JM109-GFP,#4daf4a
2453,3.2641666666666667,30.1,1.0,F2,0.38339999318122864,F,2,JM109-GFP,#4daf4a
2454,3.496611111111111,30.2,2.0,F2,0.4092999994754791,F,2,JM109-GFP,#4daf4a
2455,3.9097222222222223,30.2,1.0,F2,0.43799999356269836,F,2,JM109-GFP,#4daf4a
2456,4.142166666666666,30.0,2.0,F2,0.4584999978542328,F,2,JM109-GFP,#4daf4a
2457,4.375416666666666,30.1,3.0,F2,0.47589999437332153,F,2,JM109-GFP,#4daf4a
2458,4.607805555555555,30.2,4.0,F2,0.48590001463890076,F,2,JM109-GFP,#4daf4a
2459,4.840194444444444,30.1,5.0,F2,0.5005000233650208,F,2,JM109-GFP,#4daf4a
2460,5.131388888888889,30.1,1.0,F2,0.5224999785423279,F,2,JM109-GFP,#4daf4a
2461,5.363833333333333,29.9,2.0,F2,0.5329999923706055,F,2,JM109-GFP,#4daf4a
2462,5.597083333333333,30.0,3.0,F2,0.5497000217437744,F,2,JM109-GFP,#4daf4a
2463,5.951388888888889,30.0,1.0,F2,0.5677000284194946,F,2,JM109-GFP,#4daf4a
2464,6.183833333333333,29.9,2.0,F2,0.5782999992370605,F,2,JM109-GFP,#4daf4a
2465,6.416222222222222,30.1,3.0,F2,0.588100016117096,F,2,JM109-GFP,#4daf4a
2466,6.649472222222222,30.1,4.0,F2,0.59579998254776,F,2,JM109-GFP,#4daf4a
2467,6.881833333333333,30.0,5.0,F2,0.6015999913215637,F,2,JM109-GFP,#4daf4a
2468,7.11425,30.1,6.0,F2,0.6065000295639038,F,2,JM109-GFP,#4daf4a
2469,7.346638888888889,30.0,7.0,F2,0.6122999787330627,F,2,JM109-GFP,#4daf4a
2470,7.627222222222223,30.0,1.0,F2,0.6255000233650208,F,2,JM109-GFP,#4daf4a
2471,7.859666666666667,30.2,2.0,F2,0.6273000240325928,F,2,JM109-GFP,#4daf4a
2472,8.092055555555556,30.2,3.0,F2,0.6355999708175659,F,2,JM109-GFP,#4daf4a
2473,8.324555555555555,30.1,4.0,F2,0.6485999822616577,F,2,JM109-GFP,#4daf4a
2474,8.556833333333334,30.0,5.0,F2,0.6381999850273132,F,2,JM109-GFP,#4daf4a
2475,8.789222222222222,30.1,6.0,F2,0.6413999795913696,F,2,JM109-GFP,#4daf4a
2476,9.21861111111111,30.2,1.0,F2,0.6341000199317932,F,2,JM109-GFP,#4daf4a
2477,9.45111111111111,30.3,2.0,F2,0.6301000118255615,F,2,JM109-GFP,#4daf4a
2478,9.68361111111111,30.0,3.0,F2,0.6323999762535095,F,2,JM109-GFP,#4daf4a
2479,9.916138888888888,30.2,4.0,F2,0.6330000162124634,F,2,JM109-GFP,#4daf4a
2480,0.0,30.0,1.0,F3,0.17730000615119934,F,3,JM109-GFP,#4daf4a
2481,0.2325,30.0,2.0,F3,0.17949999868869781,F,3,JM109-GFP,#4daf4a
2482,0.4658888888888889,30.1,3.0,F3,0.18539999425411224,F,3,JM109-GFP,#4daf4a
2483,0.6983611111111111,30.3,4.0,F3,0.19370000064373016,F,3,JM109-GFP,#4daf4a
2484,0.9822222222222222,30.0,1.0,F3,0.21410000324249268,F,3,JM109-GFP,#4daf4a
2485,1.2147222222222223,30.0,2.0,F3,0.22679999470710754,F,3,JM109-GFP,#4daf4a
2486,1.4480277777777777,30.0,3.0,F3,0.23690000176429749,F,3,JM109-GFP,#4daf4a
2487,1.6805277777777776,30.2,4.0,F3,0.24979999661445618,F,3,JM109-GFP,#4daf4a
2488,1.9797222222222222,30.1,1.0,F3,0.26840001344680786,F,3,JM109-GFP,#4daf4a
2489,2.212222222222222,30.0,2.0,F3,0.287200003862381,F,3,JM109-GFP,#4daf4a
2490,2.4446944444444445,30.1,3.0,F3,0.30250000953674316,F,3,JM109-GFP,#4daf4a
2491,2.6771944444444444,30.1,4.0,F3,0.3212999999523163,F,3,JM109-GFP,#4daf4a
2492,2.9096666666666664,30.1,5.0,F3,0.3452000021934509,F,3,JM109-GFP,#4daf4a
2493,3.2641666666666667,30.1,1.0,F3,0.3682999908924103,F,3,JM109-GFP,#4daf4a
2494,3.496611111111111,30.2,2.0,F3,0.3930000066757202,F,3,JM109-GFP,#4daf4a
2495,3.9097222222222223,30.2,1.0,F3,0.4269999861717224,F,3,JM109-GFP,#4daf4a
2496,4.142166666666666,30.0,2.0,F3,0.4471000134944916,F,3,JM109-GFP,#4daf4a
2497,4.375416666666666,30.1,3.0,F3,0.46650001406669617,F,3,JM109-GFP,#4daf4a
2498,4.607805555555555,30.2,4.0,F3,0.47589999437332153,F,3,JM109-GFP,#4daf4a
2499,4.840194444444444,30.1,5.0,F3,0.49129998683929443,F,3,JM109-GFP,#4daf4a
2500,5.131388888888889,30.1,1.0,F3,0.5145000219345093,F,3,JM109-GFP,#4daf4a
2501,5.363833333333333,29.9,2.0,F3,0.5268999934196472,F,3,JM109-GFP,#4daf4a
2502,5.597083333333333,30.0,3.0,F3,0.5450999736785889,F,3,JM109-GFP,#4daf4a
2503,5.951388888888889,30.0,1.0,F3,0.5586000084877014,F,3,JM109-GFP,#4daf4a
2504,6.183833333333333,29.9,2.0,F3,0.5687999725341797,F,3,JM109-GFP,#4daf4a
2505,6.416222222222222,30.1,3.0,F3,0.579800009727478,F,3,JM109-GFP,#4daf4a
2506,6.649472222222222,30.1,4.0,F3,0.5889999866485596,F,3,JM109-GFP,#4daf4a
2507,6.881833333333333,30.0,5.0,F3,0.5958999991416931,F,3,JM109-GFP,#4daf4a
2508,7.11425,30.1,6.0,F3,0.6003000140190125,F,3,JM109-GFP,#4daf4a
2509,7.346638888888889,30.0,7.0,F3,0.6054999828338623,F,3,JM109-GFP,#4daf4a
2510,7.627222222222223,30.0,1.0,F3,0.6205999851226807,F,3,JM109-GFP,#4daf4a
2511,7.859666666666667,30.2,2.0,F3,0.6218000054359436,F,3,JM109-GFP,#4daf4a
2512,8.092055555555556,30.2,3.0,F3,0.6248999834060669,F,3,JM109-GFP,#4daf4a
2513,8.324555555555555,30.1,4.0,F3,0.626800000667572,F,3,JM109-GFP,#4daf4a
2514,8.556833333333334,30.0,5.0,F3,0.6273999810218811,F,3,JM109-GFP,#4daf4a
2515,8.789222222222222,30.1,6.0,F3,0.6291999816894531,F,3,JM109-GFP,#4daf4a
2516,9.21861111111111,30.2,1.0,F3,0.6294999718666077,F,3,JM109-GFP,#4daf4a
2517,9.45111111111111,30.3,2.0,F3,0.6305000185966492,F,3,JM109-GFP,#4daf4a
2518,9.68361111111111,30.0,3.0,F3,0.6294000148773193,F,3,JM109-GFP,#4daf4a
2519,9.916138888888888,30.2,4.0,F3,0.6341000199317932,F,3,JM109-GFP,#4daf4a
2880,0.0,30.0,1.0,H1,0.17730000615119934,H,1,JM109-GFP,#4daf4a
2881,0.2325,30.0,2.0,H1,0.17970000207424164,H,1,JM109-GFP,#4daf4a
2882,0.4658888888888889,30.1,3.0,H1,0.18479999899864197,H,1,JM109-GFP,#4daf4a
2883,0.6983611111111111,30.3,4.0,H1,0.19449999928474426,H,1,JM109-GFP,#4daf4a
2884,0.9822222222222222,30.0,1.0,H1,0.21549999713897705,H,1,JM109-GFP,#4daf4a
2885,1.2147222222222223,30.0,2.0,H1,0.2287999987602234,H,1,JM109-GFP,#4daf4a
2886,1.4480277777777777,30.0,3.0,H1,0.23980000615119934,H,1,JM109-GFP,#4daf4a
2887,1.6805277777777776,30.2,4.0,H1,0.25119999051094055,H,1,JM109-GFP,#4daf4a
2888,1.9797222222222222,30.1,1.0,H1,0.2703000009059906,H,1,JM109-GFP,#4daf4a
2889,2.212222222222222,30.0,2.0,H1,0.2897999882698059,H,1,JM109-GFP,#4daf4a
2890,2.4446944444444445,30.1,3.0,H1,0.3052999973297119,H,1,JM109-GFP,#4daf4a
2891,2.6771944444444444,30.1,4.0,H1,0.32580000162124634,H,1,JM109-GFP,#4daf4a
2892,2.9096666666666664,30.1,5.0,H1,0.34459999203681946,H,1,JM109-GFP,#4daf4a
2893,3.2641666666666667,30.1,1.0,H1,0.3702000081539154,H,1,JM109-GFP,#4daf4a
2894,3.496611111111111,30.2,2.0,H1,0.3903000056743622,H,1,JM109-GFP,#4daf4a
2895,3.9097222222222223,30.2,1.0,H1,0.42730000615119934,H,1,JM109-GFP,#4daf4a
2896,4.142166666666666,30.0,2.0,H1,0.4433000087738037,H,1,JM109-GFP,#4daf4a
2897,4.375416666666666,30.1,3.0,H1,0.46050000190734863,H,1,JM109-GFP,#4daf4a
2898,4.607805555555555,30.2,4.0,H1,0.47369998693466187,H,1,JM109-GFP,#4daf4a
2899,4.840194444444444,30.1,5.0,H1,0.4860999882221222,H,1,JM109-GFP,#4daf4a
2900,5.131388888888889,30.1,1.0,H1,0.5026999711990356,H,1,JM109-GFP,#4daf4a
2901,5.363833333333333,29.9,2.0,H1,0.5194000005722046,H,1,JM109-GFP,#4daf4a
2902,5.597083333333333,30.0,3.0,H1,0.5324000120162964,H,1,JM109-GFP,#4daf4a
2903,5.951388888888889,30.0,1.0,H1,0.54830002784729,H,1,JM109-GFP,#4daf4a
2904,6.183833333333333,29.9,2.0,H1,0.5550000071525574,H,1,JM109-GFP,#4daf4a
2905,6.416222222222222,30.1,3.0,H1,0.5647000074386597,H,1,JM109-GFP,#4daf4a
2906,6.649472222222222,30.1,4.0,H1,0.5766000151634216,H,1,JM109-GFP,#4daf4a
2907,6.881833333333333,30.0,5.0,H1,0.5781000256538391,H,1,JM109-GFP,#4daf4a
2908,7.11425,30.1,6.0,H1,0.5819000005722046,H,1,JM109-GFP,#4daf4a
2909,7.346638888888889,30.0,7.0,H1,0.5874999761581421,H,1,JM109-GFP,#4daf4a
2910,7.627222222222223,30.0,1.0,H1,0.6057999730110168,H,1,JM109-GFP,#4daf4a
2911,7.859666666666667,30.2,2.0,H1,0.6071000099182129,H,1,JM109-GFP,#4daf4a
2912,8.092055555555556,30.2,3.0,H1,0.6101999878883362,H,1,JM109-GFP,#4daf4a
2913,8.324555555555555,30.1,4.0,H1,0.6110000014305115,H,1,JM109-GFP,#4daf4a
2914,8.556833333333334,30.0,5.0,H1,0.6147000193595886,H,1,JM109-GFP,#4daf4a
2915,8.789222222222222,30.1,6.0,H1,0.6220999956130981,H,1,JM109-GFP,#4daf4a
2916,9.21861111111111,30.2,1.0,H1,0.6065999865531921,H,1,JM109-GFP,#4daf4a
2917,9.45111111111111,30.3,2.0,H1,0.607200026512146,H,1,JM109-GFP,#4daf4a
2918,9.68361111111111,30.0,3.0,H1,0.6075999736785889,H,1,JM109-GFP,#4daf4a
2919,9.916138888888888,30.2,4.0,H1,0.6086999773979187,H,1,JM109-GFP,#4daf4a
2920,0.0,30.0,1.0,H2,0.17839999496936798,H,2,JM109-GFP,#4daf4a
2921,0.2325,30.0,2.0,H2,0.18150000274181366,H,2,JM109-GFP,#4daf4a
2922,0.4658888888888889,30.1,3.0,H2,0.18479999899864197,H,2,JM109-GFP,#4daf4a
2923,0.6983611111111111,30.3,4.0,H2,0.19460000097751617,H,2,JM109-GFP,#4daf4a
2924,0.9822222222222222,30.0,1.0,H2,0.21570000052452087,H,2,JM109-GFP,#4daf4a
2925,1.2147222222222223,30.0,2.0,H2,0.2295999974012375,H,2,JM109-GFP,#4daf4a
2926,1.4480277777777777,30.0,3.0,H2,0.23829999566078186,H,2,JM109-GFP,#4daf4a
2927,1.6805277777777776,30.2,4.0,H2,0.25200000405311584,H,2,JM109-GFP,#4daf4a
2928,1.9797222222222222,30.1,1.0,H2,0.2768000066280365,H,2,JM109-GFP,#4daf4a
2929,2.212222222222222,30.0,2.0,H2,0.29670000076293945,H,2,JM109-GFP,#4daf4a
2930,2.4446944444444445,30.1,3.0,H2,0.3107999861240387,H,2,JM109-GFP,#4daf4a
2931,2.6771944444444444,30.1,4.0,H2,0.3325999975204468,H,2,JM109-GFP,#4daf4a
2932,2.9096666666666664,30.1,5.0,H2,0.3546999990940094,H,2,JM109-GFP,#4daf4a
2933,3.2641666666666667,30.1,1.0,H2,0.3684000074863434,H,2,JM109-GFP,#4daf4a
2934,3.496611111111111,30.2,2.0,H2,0.3935999870300293,H,2,JM109-GFP,#4daf4a
2935,3.9097222222222223,30.2,1.0,H2,0.42969998717308044,H,2,JM109-GFP,#4daf4a
2936,4.142166666666666,30.0,2.0,H2,0.44859999418258667,H,2,JM109-GFP,#4daf4a
2937,4.375416666666666,30.1,3.0,H2,0.46160000562667847,H,2,JM109-GFP,#4daf4a
2938,4.607805555555555,30.2,4.0,H2,0.4772000014781952,H,2,JM109-GFP,#4daf4a
2939,4.840194444444444,30.1,5.0,H2,0.49000000953674316,H,2,JM109-GFP,#4daf4a
2940,5.131388888888889,30.1,1.0,H2,0.5038999915122986,H,2,JM109-GFP,#4daf4a
2941,5.363833333333333,29.9,2.0,H2,0.5228000283241272,H,2,JM109-GFP,#4daf4a
2942,5.597083333333333,30.0,3.0,H2,0.5333999991416931,H,2,JM109-GFP,#4daf4a
2943,5.951388888888889,30.0,1.0,H2,0.551800012588501,H,2,JM109-GFP,#4daf4a
2944,6.183833333333333,29.9,2.0,H2,0.5634999871253967,H,2,JM109-GFP,#4daf4a
2945,6.416222222222222,30.1,3.0,H2,0.5774999856948853,H,2,JM109-GFP,#4daf4a
2946,6.649472222222222,30.1,4.0,H2,0.5817999839782715,H,2,JM109-GFP,#4daf4a
2947,6.881833333333333,30.0,5.0,H2,0.5877000093460083,H,2,JM109-GFP,#4daf4a
2948,7.11425,30.1,6.0,H2,0.5920000076293945,H,2,JM109-GFP,#4daf4a
2949,7.346638888888889,30.0,7.0,H2,0.6003999710083008,H,2,JM109-GFP,#4daf4a
2950,7.627222222222223,30.0,1.0,H2,0.6086999773979187,H,2,JM109-GFP,#4daf4a
2951,7.859666666666667,30.2,2.0,H2,0.6155999898910522,H,2,JM109-GFP,#4daf4a
2952,8.092055555555556,30.2,3.0,H2,0.6140000224113464,H,2,JM109-GFP,#4daf4a
2953,8.324555555555555,30.1,4.0,H2,0.614300012588501,H,2,JM109-GFP,#4daf4a
2954,8.556833333333334,30.0,5.0,H2,0.6165000200271606,H,2,JM109-GFP,#4daf4a
2955,8.789222222222222,30.1,6.0,H2,0.6212000250816345,H,2,JM109-GFP,#4daf4a
2956,9.21861111111111,30.2,1.0,H2,0.6116999983787537,H,2,JM109-GFP,#4daf4a
2957,9.45111111111111,30.3,2.0,H2,0.612500011920929,H,2,JM109-GFP,#4daf4a
2958,9.68361111111111,30.0,3.0,H2,0.6133000254631042,H,2,JM109-GFP,#4daf4a
2959,9.916138888888888,30.2,4.0,H2,0.6151999831199646,H,2,JM109-GFP,#4daf4a
2960,0.0,30.0,1.0,H3,0.1923000067472458,H,3,JM109-GFP,#4daf4a
2961,0.2325,30.0,2.0,H3,0.19679999351501465,H,3,JM109-GFP,#4daf4a
2962,0.4658888888888889,30.1,3.0,H3,0.19979999959468842,H,3,JM109-GFP,#4daf4a
2963,0.6983611111111111,30.3,4.0,H3,0.21089999377727509,H,3,JM109-GFP,#4daf4a
2964,0.9822222222222222,30.0,1.0,H3,0.23100000619888306,H,3,JM109-GFP,#4daf4a
2965,1.2147222222222223,30.0,2.0,H3,0.24690000712871552,H,3,JM109-GFP,#4daf4a
2966,1.4480277777777777,30.0,3.0,H3,0.2615000009536743,H,3,JM109-GFP,#4daf4a
2967,1.6805277777777776,30.2,4.0,H3,0.27900001406669617,H,3,JM109-GFP,#4daf4a
2968,1.9797222222222222,30.1,1.0,H3,0.29030001163482666,H,3,JM109-GFP,#4daf4a
2969,2.212222222222222,30.0,2.0,H3,0.3111000061035156,H,3,JM109-GFP,#4daf4a
2970,2.4446944444444445,30.1,3.0,H3,0.3260999917984009,H,3,JM109-GFP,#4daf4a
2971,2.6771944444444444,30.1,4.0,H3,0.3483000099658966,H,3,JM109-GFP,#4daf4a
2972,2.9096666666666664,30.1,5.0,H3,0.3675000071525574,H,3,JM109-GFP,#4daf4a
2973,3.2641666666666667,30.1,1.0,H3,0.39980000257492065,H,3,JM109-GFP,#4daf4a
2974,3.496611111111111,30.2,2.0,H3,0.41780000925064087,H,3,JM109-GFP,#4daf4a
2975,3.9097222222222223,30.2,1.0,H3,0.45080000162124634,H,3,JM109-GFP,#4daf4a
2976,4.142166666666666,30.0,2.0,H3,0.46790000796318054,H,3,JM109-GFP,#4daf4a
2977,4.375416666666666,30.1,3.0,H3,0.4821000099182129,H,3,JM109-GFP,#4daf4a
2978,4.607805555555555,30.2,4.0,H3,0.49720001220703125,H,3,JM109-GFP,#4daf4a
2979,4.840194444444444,30.1,5.0,H3,0.5099999904632568,H,3,JM109-GFP,#4daf4a
2980,5.131388888888889,30.1,1.0,H3,0.5232999920845032,H,3,JM109-GFP,#4daf4a
2981,5.363833333333333,29.9,2.0,H3,0.5473999977111816,H,3,JM109-GFP,#4daf4a
2982,5.597083333333333,30.0,3.0,H3,0.5565999746322632,H,3,JM109-GFP,#4daf4a
2983,5.951388888888889,30.0,1.0,H3,0.5726000070571899,H,3,JM109-GFP,#4daf4a
2984,6.183833333333333,29.9,2.0,H3,0.5831000208854675,H,3,JM109-GFP,#4daf4a
2985,6.416222222222222,30.1,3.0,H3,0.5950999855995178,H,3,JM109-GFP,#4daf4a
2986,6.649472222222222,30.1,4.0,H3,0.6057000160217285,H,3,JM109-GFP,#4daf4a
2987,6.881833333333333,30.0,5.0,H3,0.607699990272522,H,3,JM109-GFP,#4daf4a
2988,7.11425,30.1,6.0,H3,0.6111999750137329,H,3,JM109-GFP,#4daf4a
2989,7.346638888888889,30.0,7.0,H3,0.6184999942779541,H,3,JM109-GFP,#4daf4a
2990,7.627222222222223,30.0,1.0,H3,0.6453999876976013,H,3,JM109-GFP,#4daf4a
2991,7.859666666666667,30.2,2.0,H3,0.6456000208854675,H,3,JM109-GFP,#4daf4a
2992,8.092055555555556,30.2,3.0,H3,0.6495000123977661,H,3,JM109-GFP,#4daf4a
2993,8.324555555555555,30.1,4.0,H3,0.6517000198364258,H,3,JM109-GFP,#4daf4a
2994,8.556833333333334,30.0,5.0,H3,0.6545000076293945,H,3,JM109-GFP,#4daf4a
2995,8.789222222222222,30.1,6.0,H3,0.6561999917030334,H,3,JM109-GFP,#4daf4a
2996,9.21861111111111,30.2,1.0,H3,0.6373999714851379,H,3,JM109-GFP,#4daf4a
2997,9.45111111111111,30.3,2.0,H3,0.6365000009536743,H,3,JM109-GFP,#4daf4a
2998,9.68361111111111,30.0,3.0,H3,0.6370000243186951,H,3,JM109-GFP,#4daf4a
2999,9.916138888888888,30.2,4.0,H3,0.6377999782562256,H,3,JM109-GFP,#4daf4a
3000,0.0,30.0,1.0,H4,0.19480000436306,H,4,JM109-GFP,#4daf4a
3001,0.2325,30.0,2.0,H4,0.20100000500679016,H,4,JM109-GFP,#4daf4a
3002,0.4658888888888889,30.1,3.0,H4,0.20389999449253082,H,4,JM109-GFP,#4daf4a
3003,0.6983611111111111,30.3,4.0,H4,0.21480000019073486,H,4,JM109-GFP,#4daf4a
3004,0.9822222222222222,30.0,1.0,H4,0.22949999570846558,H,4,JM109-GFP,#4daf4a
3005,1.2147222222222223,30.0,2.0,H4,0.24899999797344208,H,4,JM109-GFP,#4daf4a
3006,1.4480277777777777,30.0,3.0,H4,0.2606000006198883,H,4,JM109-GFP,#4daf4a
3007,1.6805277777777776,30.2,4.0,H4,0.2791000008583069,H,4,JM109-GFP,#4daf4a
3008,1.9797222222222222,30.1,1.0,H4,0.30059999227523804,H,4,JM109-GFP,#4daf4a
3009,2.212222222222222,30.0,2.0,H4,0.321399986743927,H,4,JM109-GFP,#4daf4a
3010,2.4446944444444445,30.1,3.0,H4,0.337799996137619,H,4,JM109-GFP,#4daf4a
3011,2.6771944444444444,30.1,4.0,H4,0.35929998755455017,H,4,JM109-GFP,#4daf4a
3012,2.9096666666666664,30.1,5.0,H4,0.3804999887943268,H,4,JM109-GFP,#4daf4a
3013,3.2641666666666667,30.1,1.0,H4,0.43389999866485596,H,4,JM109-GFP,#4daf4a
3014,3.496611111111111,30.2,2.0,H4,0.4494999945163727,H,4,JM109-GFP,#4daf4a
3015,3.9097222222222223,30.2,1.0,H4,0.4607999920845032,H,4,JM109-GFP,#4daf4a
3016,4.142166666666666,30.0,2.0,H4,0.4763999879360199,H,4,JM109-GFP,#4daf4a
3017,4.375416666666666,30.1,3.0,H4,0.4887999892234802,H,4,JM109-GFP,#4daf4a
3018,4.607805555555555,30.2,4.0,H4,0.5055000185966492,H,4,JM109-GFP,#4daf4a
3019,4.840194444444444,30.1,5.0,H4,0.5192000269889832,H,4,JM109-GFP,#4daf4a
3020,5.131388888888889,30.1,1.0,H4,0.5370000004768372,H,4,JM109-GFP,#4daf4a
3021,5.363833333333333,29.9,2.0,H4,0.5539000034332275,H,4,JM109-GFP,#4daf4a
3022,5.597083333333333,30.0,3.0,H4,0.5763000249862671,H,4,JM109-GFP,#4daf4a
3023,5.951388888888889,30.0,1.0,H4,0.5778999924659729,H,4,JM109-GFP,#4daf4a
3024,6.183833333333333,29.9,2.0,H4,0.5878000259399414,H,4,JM109-GFP,#4daf4a
3025,6.416222222222222,30.1,3.0,H4,0.5956000089645386,H,4,JM109-GFP,#4daf4a
3026,6.649472222222222,30.1,4.0,H4,0.6068999767303467,H,4,JM109-GFP,#4daf4a
3027,6.881833333333333,30.0,5.0,H4,0.6110000014305115,H,4,JM109-GFP,#4daf4a
3028,7.11425,30.1,6.0,H4,0.6140999794006348,H,4,JM109-GFP,#4daf4a
3029,7.346638888888889,30.0,7.0,H4,0.6201000213623047,H,4,JM109-GFP,#4daf4a
3030,7.627222222222223,30.0,1.0,H4,0.6287000179290771,H,4,JM109-GFP,#4daf4a
3031,7.859666666666667,30.2,2.0,H4,0.6319000124931335,H,4,JM109-GFP,#4daf4a
3032,8.092055555555556,30.2,3.0,H4,0.6345000267028809,H,4,JM109-GFP,#4daf4a
3033,8.324555555555555,30.1,4.0,H4,0.6355000138282776,H,4,JM109-GFP,#4daf4a
3034,8.556833333333334,30.0,5.0,H4,0.6377999782562256,H,4,JM109-GFP,#4daf4a
3035,8.789222222222222,30.1,6.0,H4,0.640500009059906,H,4,JM109-GFP,#4daf4a
3036,9.21861111111111,30.2,1.0,H4,0.6381999850273132,H,4,JM109-GFP,#4daf4a
3037,9.45111111111111,30.3,2.0,H4,0.6394000053405762,H,4,JM109-GFP,#4daf4a
3038,9.68361111111111,30.0,3.0,H4,0.63919997215271,H,4,JM109-GFP,#4daf4a
3039,9.916138888888888,30.2,4.0,H4,0.6383000016212463,H,4,JM109-GFP,#4daf4a
